total_syn,req_size,req_type,topo_size,increment_type
0.7854522,2,simple,small,FALSE
0.5178445,2,simple,small,TRUE
0.5507307,2,order,small,FALSE
0.5369198,2,order,small,TRUE
1.0064715,4,simple,small,FALSE
0.9886291,4,simple,small,TRUE
1.0746235,4,order,small,FALSE
1.0846681,4,order,small,TRUE
1.9984294,8,simple,small,FALSE
1.9387918,8,simple,small,TRUE
2.199201,8,order,small,FALSE
2.1816771,8,order,small,TRUE
4.0212042,16,simple,small,FALSE
3.9191979,16,simple,small,TRUE
4.3900555,16,order,small,FALSE
4.3867196,16,order,small,TRUE
0.490085,2,simple,small,FALSE
0.4851586,2,simple,small,TRUE
0.5745185,2,order,small,FALSE
0.5705824,2,order,small,TRUE
1.0658696,4,simple,small,FALSE
1.0221626,4,simple,small,TRUE
1.2070951,4,order,small,FALSE
1.1616244,4,order,small,TRUE
2.059654,8,simple,small,FALSE
1.9934738,8,simple,small,TRUE
2.3402723,8,order,small,FALSE
2.2729026,8,order,small,TRUE
4.0555777,16,simple,small,FALSE
3.890288,16,simple,small,TRUE
4.5321379,16,order,small,FALSE
4.3995258,16,order,small,TRUE
0.4489189,2,simple,small,FALSE
0.4326951,2,simple,small,TRUE
0.4869382,2,order,small,FALSE
0.4739767,2,order,small,TRUE
0.9303474,4,simple,small,FALSE
0.9328625,4,simple,small,TRUE
0.9766821,4,order,small,FALSE
0.9832962,4,order,small,TRUE
1.8682611,8,simple,small,FALSE
1.8618576,8,simple,small,TRUE
1.9318452,8,order,small,FALSE
1.8841011,8,order,small,TRUE
3.7671237,16,simple,small,FALSE
3.6755873,16,simple,small,TRUE
3.8781205,16,order,small,FALSE
4.4117748,16,order,small,TRUE
0.4414187,2,simple,small,FALSE
0.4281461,2,simple,small,TRUE
0.4767598,2,order,small,FALSE
0.4684527,2,order,small,TRUE
0.9005955,4,simple,small,FALSE
0.8876456,4,simple,small,TRUE
0.9439174,4,order,small,FALSE
0.9588334,4,order,small,TRUE
1.8461329,8,simple,small,FALSE
1.8329509,8,simple,small,TRUE
1.9088234,8,order,small,FALSE
1.8560282,8,order,small,TRUE
3.7629078,16,simple,small,FALSE
3.7221272,16,simple,small,TRUE
3.6901395,16,order,small,FALSE
3.6373255,16,order,small,TRUE
0.4888853,2,simple,small,FALSE
0.5032905,2,simple,small,TRUE
0.5238821,2,order,small,FALSE
0.9782523,4,simple,small,FALSE
0.9834698,4,simple,small,TRUE
1.0451723,4,order,small,FALSE
1.0342798,4,order,small,TRUE
1.9526696,8,simple,small,FALSE
1.9355079,8,simple,small,TRUE
2.0930609,8,order,small,FALSE
2.0688064,8,order,small,TRUE
3.861118,16,simple,small,FALSE
3.841505,16,simple,small,TRUE
4.6807299,16,order,small,FALSE
4.0329556,16,order,small,TRUE
0.9185883,2,simple,mid,FALSE
0.8598807,2,simple,mid,TRUE
1.0472055,2,order,mid,FALSE
1.011512,2,order,mid,TRUE
1.870469,4,simple,mid,FALSE
1.8673509,4,simple,mid,TRUE
2.0662527,4,order,mid,FALSE
2.026472,4,order,mid,TRUE
3.6994364,8,simple,mid,FALSE
3.6827836,8,simple,mid,TRUE
8.6349755,8,order,mid,FALSE
6.9240222,8,order,mid,TRUE
7.3805832,16,simple,mid,FALSE
7.1263462,16,simple,mid,TRUE
8.1948393,16,order,mid,FALSE
11.6893835,16,order,mid,TRUE
0.8808109,2,simple,mid,FALSE
0.8975077,2,simple,mid,TRUE
0.9665818,2,order,mid,FALSE
0.9474393,2,order,mid,TRUE
1.8300027,4,simple,mid,FALSE
1.8129898,4,simple,mid,TRUE
1.9267906,4,order,mid,FALSE
1.9009694,4,order,mid,TRUE
3.5253468,8,simple,mid,FALSE
3.4659443,8,simple,mid,TRUE
3.8965641,8,order,mid,TRUE
6.8518416,16,simple,mid,FALSE
6.8087644,16,simple,mid,TRUE
12.7548957,16,order,mid,FALSE
7.6009621,16,order,mid,TRUE
0.9306712,2,simple,mid,FALSE
0.9105711,2,simple,mid,TRUE
0.9237147,2,order,mid,FALSE
0.898008,2,order,mid,TRUE
1.7991328,4,simple,mid,FALSE
1.8214743,4,simple,mid,TRUE
1.897865,4,order,mid,FALSE
1.8915768,4,order,mid,TRUE
3.6347273,8,simple,mid,FALSE
3.5395097,8,simple,mid,TRUE
3.7004379,8,order,mid,FALSE
3.6475463,8,order,mid,TRUE
6.9012762,16,simple,mid,FALSE
6.812796,16,simple,mid,TRUE
7.3502299,16,order,mid,FALSE
7.2928021,16,order,mid,TRUE
0.8852748,2,simple,mid,FALSE
0.8482747,2,simple,mid,TRUE
1.4946724,2,order,mid,FALSE
0.9546457,2,order,mid,TRUE
1.6932155,4,simple,mid,FALSE
1.6909891,4,simple,mid,TRUE
1.9078249,4,order,mid,FALSE
1.8610249,4,order,mid,TRUE
3.4988636,8,simple,mid,FALSE
3.4397883,8,simple,mid,TRUE
3.8142374,8,order,mid,FALSE
4.7375884,8,order,mid,TRUE
7.0304155,16,simple,mid,FALSE
6.9944775,16,simple,mid,TRUE
9.0777988,16,order,mid,FALSE
7.5006532,16,order,mid,TRUE
0.8888544,2,simple,mid,FALSE
0.8290229,2,simple,mid,TRUE
1.1848546,2,order,mid,FALSE
1.177983,2,order,mid,TRUE
1.8342434,4,simple,mid,FALSE
1.7965005,4,simple,mid,TRUE
3.2118094,4,order,mid,FALSE
2.288859,4,order,mid,TRUE
3.3810601,8,simple,mid,FALSE
3.353327,8,simple,mid,TRUE
4.6242071,8,order,mid,FALSE
4.6045782,8,order,mid,TRUE
7.6946323,16,simple,mid,FALSE
7.4671265,16,simple,mid,TRUE
11.4419747,16,order,mid,FALSE
11.2602913,16,order,mid,TRUE
2.2353027,2,simple,large,FALSE
2.1584304,2,simple,large,TRUE
6.5906403,2,order,large,FALSE
3.7361939,2,order,large,TRUE
5.3271694,4,simple,large,FALSE
5.276791,4,simple,large,TRUE
11.519295,4,order,large,FALSE
11.1857742,4,order,large,TRUE
10.1221122,8,simple,large,FALSE
10.1941035,8,simple,large,TRUE
15.3588727,8,order,large,FALSE
15.3172632,8,order,large,TRUE
19.1172687,16,simple,large,FALSE
18.8035925,16,simple,large,TRUE
44.2536647,16,order,large,FALSE
30.5105188,16,order,large,TRUE
1.9712975,2,simple,large,FALSE
1.9185134,2,simple,large,TRUE
4.1434935,2,order,large,FALSE
2.6694131,2,order,large,TRUE
3.9893398,4,simple,large,FALSE
4.0447236,4,simple,large,TRUE
5.4388359,4,order,large,FALSE
5.2614412,4,order,large,TRUE
8.3313362,8,simple,large,FALSE
8.2687629,8,simple,large,TRUE
10.6875863,8,order,large,FALSE
10.6426789,8,order,large,TRUE
16.2387207,16,simple,large,FALSE
16.1219161,16,simple,large,TRUE
35.6010186,16,order,large,FALSE
28.1356082,16,order,large,TRUE
1.8218511,2,simple,large,FALSE
1.6858483,2,simple,large,TRUE
2.897667,2,order,large,FALSE
2.8750786,2,order,large,TRUE
3.3185643,4,simple,large,FALSE
3.1503446,4,simple,large,TRUE
13.2443626,4,order,large,FALSE
12.9680046,4,order,large,TRUE
6.8071075,8,simple,large,FALSE
6.6134214,8,simple,large,TRUE
11.5026255,8,order,large,FALSE
11.4198036,8,order,large,TRUE
15.9858239,16,simple,large,FALSE
15.2249281,16,simple,large,TRUE
41.2822418,16,order,large,FALSE
38.9884971,16,order,large,TRUE
1.7173919,2,simple,large,FALSE
1.6688299,2,simple,large,TRUE
2.7288734,2,order,large,FALSE
2.7222577,2,order,large,TRUE
3.8446056,4,simple,large,FALSE
3.807527,4,simple,large,TRUE
5.4814395,4,order,large,FALSE
5.5177623,4,order,large,TRUE
7.5175811,8,simple,large,FALSE
7.4377539,8,simple,large,TRUE
15.4368143,8,order,large,FALSE
10.9975316,8,order,large,TRUE
14.0291998,16,simple,large,FALSE
13.580155,16,simple,large,TRUE
29.3883797,16,order,large,FALSE
36.4626637,16,order,large,TRUE
0.5181298,2,simple,small,FALSE
0.5091442,2,simple,small,TRUE
0.5454336,2,order,small,FALSE
0.5342169,2,order,small,TRUE
1.0217749,4,simple,small,FALSE
0.9681331,4,simple,small,TRUE
1.080752,4,order,small,FALSE
1.0427901,4,order,small,TRUE
1.9994214,8,simple,small,FALSE
1.9407981,8,simple,small,TRUE
2.1750637,8,order,small,FALSE
2.1328345,8,order,small,TRUE
4.0156671,16,simple,small,FALSE
3.9795758,16,simple,small,TRUE
4.4037334,16,order,small,FALSE
4.3492744,16,order,small,TRUE
0.4999333,2,simple,small,FALSE
0.5004755,2,simple,small,TRUE
0.5535446,2,order,small,FALSE
0.5655253,2,order,small,TRUE
1.0420942,4,simple,small,FALSE
0.9751909,4,simple,small,TRUE
1.1691151,4,order,small,FALSE
1.1331862,4,order,small,TRUE
2.0516484,8,simple,small,FALSE
1.9944619,8,simple,small,TRUE
2.3114676,8,order,small,FALSE
2.240062,8,order,small,TRUE
4.024436,16,simple,small,FALSE
3.9070335,16,simple,small,TRUE
4.5678469,16,order,small,FALSE
4.4710123,16,order,small,TRUE
0.4509709,2,simple,small,FALSE
0.4528633,2,simple,small,TRUE
0.4834434,2,order,small,FALSE
0.4728817,2,order,small,TRUE
0.956781,4,simple,small,FALSE
0.9443972,4,simple,small,TRUE
1.0148563,4,order,small,FALSE
0.9826983,4,order,small,TRUE
1.8666086,8,simple,small,FALSE
1.8368768,8,simple,small,TRUE
1.9596131,8,order,small,FALSE
1.9020581,8,order,small,TRUE
3.753764,16,simple,small,FALSE
3.6930296,16,simple,small,TRUE
3.8419201,16,order,small,FALSE
3.7997558,16,order,small,TRUE
0.4356863,2,simple,small,FALSE
0.4295274,2,simple,small,TRUE
0.4674192,2,order,small,FALSE
0.4730856,2,order,small,TRUE
0.8836908,4,simple,small,FALSE
0.8933382,4,simple,small,TRUE
0.9540317,4,order,small,FALSE
0.9367629,4,order,small,TRUE
1.9232912,8,simple,small,FALSE
1.8472461,8,simple,small,TRUE
1.8715547,8,order,small,FALSE
1.8562553,8,order,small,TRUE
3.7898785,16,simple,small,FALSE
3.7714727,16,simple,small,TRUE
3.6592684,16,order,small,FALSE
3.6346002,16,order,small,TRUE
0.5143406,2,simple,small,FALSE
0.4838516,2,simple,small,TRUE
0.5236296,2,order,small,FALSE
0.5134563,2,order,small,TRUE
1.0208298,4,simple,small,FALSE
0.9365447,4,simple,small,TRUE
1.0342628,4,order,small,FALSE
1.030866,4,order,small,TRUE
1.9450154,8,simple,small,FALSE
1.9372802,8,simple,small,TRUE
2.0657399,8,order,small,FALSE
2.0944792,8,order,small,TRUE
3.8604514,16,simple,small,FALSE
3.8122716,16,simple,small,TRUE
4.1082184,16,order,small,FALSE
3.995877,16,order,small,TRUE
0.9345555,2,simple,mid,FALSE
0.8814067,2,simple,mid,TRUE
1.0568867,2,order,mid,FALSE
1.0255928,2,order,mid,TRUE
1.8859243,4,simple,mid,FALSE
1.8620857,4,simple,mid,TRUE
2.0999382,4,order,mid,FALSE
2.0681513,4,order,mid,TRUE
3.6484526,8,simple,mid,FALSE
3.6076621,8,simple,mid,TRUE
7.1204932,8,order,mid,FALSE
6.1307891,8,order,mid,TRUE
7.3590272,16,simple,mid,FALSE
7.2713998,16,simple,mid,TRUE
10.0031407,16,order,mid,FALSE
8.0911959,16,order,mid,TRUE
0.8967893,2,simple,mid,FALSE
0.8781904,2,simple,mid,TRUE
0.9878488,2,order,mid,FALSE
0.9513653,2,order,mid,TRUE
1.8731184,4,simple,mid,FALSE
1.8512068,4,simple,mid,TRUE
1.8932099,4,order,mid,FALSE
1.9385081,4,order,mid,TRUE
3.4829961,8,simple,mid,FALSE
3.4740531,8,simple,mid,TRUE
4.7801951,8,order,mid,FALSE
5.7502297,8,order,mid,TRUE
6.9434357,16,simple,mid,FALSE
6.8742748,16,simple,mid,TRUE
9.7126576,16,order,mid,FALSE
9.6261762,16,order,mid,TRUE
0.9282021,2,simple,mid,FALSE
0.9161732,2,simple,mid,TRUE
0.9010893,2,order,mid,FALSE
0.8739054,2,order,mid,TRUE
1.8192409,4,simple,mid,FALSE
1.7925217,4,simple,mid,TRUE
1.8901524,4,order,mid,FALSE
1.898222,4,order,mid,TRUE
3.5754257,8,simple,mid,FALSE
3.568521,8,simple,mid,TRUE
3.665576,8,order,mid,FALSE
3.6662163,8,order,mid,TRUE
6.8995339,16,simple,mid,FALSE
6.9122177,16,simple,mid,TRUE
7.3333908,16,order,mid,FALSE
7.2757324,16,order,mid,TRUE
0.919861,2,simple,mid,FALSE
0.8515279,2,simple,mid,TRUE
1.504815,2,order,mid,FALSE
0.964771,2,order,mid,TRUE
1.7271298,4,simple,mid,FALSE
1.6943637,4,simple,mid,TRUE
2.5930911,4,order,mid,FALSE
1.9235495,4,order,mid,TRUE
3.5517432,8,simple,mid,FALSE
3.4746706,8,simple,mid,TRUE
4.7608627,8,order,mid,FALSE
4.7253515,8,order,mid,TRUE
7.0358262,16,simple,mid,FALSE
6.9633781,16,simple,mid,TRUE
9.5757862,16,order,mid,FALSE
9.0707572,16,order,mid,TRUE
0.8990241,2,simple,mid,FALSE
0.8551939,2,simple,mid,TRUE
1.7989103,2,order,mid,FALSE
1.1391814,2,order,mid,TRUE
1.8387203,4,simple,mid,FALSE
1.7748199,4,simple,mid,TRUE
2.3807782,4,order,mid,FALSE
2.3474725,4,order,mid,TRUE
3.4152117,8,simple,mid,FALSE
3.3457177,8,simple,mid,TRUE
4.6066505,8,order,mid,FALSE
4.5653126,8,order,mid,TRUE
7.5397258,16,simple,mid,FALSE
7.4702132,16,simple,mid,TRUE
14.3779996,16,order,mid,FALSE
9.0659433,16,order,mid,TRUE
2.2541884,2,simple,large,FALSE
2.2605597,2,simple,large,TRUE
5.8258275,2,order,large,FALSE
6.3099929,2,order,large,TRUE
5.3289784,4,simple,large,FALSE
5.3932873,4,simple,large,TRUE
11.3205853,4,order,large,FALSE
11.175765,4,order,large,TRUE
10.2986132,8,simple,large,FALSE
10.3530581,8,simple,large,TRUE
15.8751828,8,order,large,FALSE
15.5938975,8,order,large,TRUE
19.6202352,16,simple,large,FALSE
19.0026437,16,simple,large,TRUE
43.8421582,16,order,large,FALSE
44.3879185,16,order,large,TRUE
1.9908195,2,simple,large,FALSE
1.9656041,2,simple,large,TRUE
4.2171348,2,order,large,FALSE
4.1781756,2,order,large,TRUE
4.0276351,4,simple,large,FALSE
4.0265701,4,simple,large,TRUE
5.460307,4,order,large,FALSE
5.3439127,4,order,large,TRUE
8.518372,8,simple,large,FALSE
8.3734267,8,simple,large,TRUE
10.6781064,8,order,large,FALSE
10.6653139,8,order,large,TRUE
16.3000238,16,simple,large,FALSE
16.1139495,16,simple,large,TRUE
35.3456813,16,order,large,FALSE
21.4051569,16,order,large,TRUE
1.826735,2,simple,large,FALSE
1.737226,2,simple,large,TRUE
2.9098895,2,order,large,FALSE
2.8866098,2,order,large,TRUE
3.2876612,4,simple,large,FALSE
3.0962954,4,simple,large,TRUE
15.678234,4,order,large,FALSE
10.7242775,4,order,large,TRUE
7.0605688,8,simple,large,FALSE
6.7094248,8,simple,large,TRUE
16.1971485,8,order,large,FALSE
11.5372588,8,order,large,TRUE
15.7920283,16,simple,large,FALSE
15.598597,16,simple,large,TRUE
55.8016702,16,order,large,FALSE
32.8019157,16,order,large,TRUE
1.7660741,2,simple,large,FALSE
1.7710578,2,simple,large,TRUE
2.8537176,2,order,large,FALSE
2.7875231,2,order,large,TRUE
3.8544856,4,simple,large,FALSE
3.7829447,4,simple,large,TRUE
5.5706245,4,order,large,FALSE
5.6423529,4,order,large,TRUE
7.5057374,8,simple,large,FALSE
7.4358313,8,simple,large,TRUE
11.1824917,8,order,large,FALSE
11.1214776,8,order,large,TRUE
14.0489728,16,simple,large,FALSE
13.9230075,16,simple,large,TRUE
29.6879576,16,order,large,FALSE
21.841013,16,order,large,TRUE
0.5355464,2,simple,small,FALSE
0.5256614,2,simple,small,TRUE
0.5588681,2,order,small,FALSE
0.5306116,2,order,small,TRUE
0.9931866,4,simple,small,FALSE
0.978505,4,simple,small,TRUE
1.1057979,4,order,small,FALSE
1.0812634,4,order,small,TRUE
1.9746349,8,simple,small,FALSE
1.9275699,8,simple,small,TRUE
2.1993146,8,order,small,FALSE
2.6320009,8,order,small,TRUE
4.0465377,16,simple,small,FALSE
3.9048132,16,simple,small,TRUE
4.4269167,16,order,small,FALSE
4.3534114,16,order,small,TRUE
0.5389411,2,simple,small,FALSE
0.5074595,2,simple,small,TRUE
0.5714196,2,order,small,FALSE
0.5641736,2,order,small,TRUE
1.0286877,4,simple,small,FALSE
1.0447017,4,simple,small,TRUE
1.5129474,4,order,small,FALSE
1.4638097,4,order,small,TRUE
2.030585,8,simple,small,FALSE
1.9909806,8,simple,small,TRUE
2.3413155,8,order,small,FALSE
2.244093,8,order,small,TRUE
4.0395377,16,simple,small,FALSE
4.0351371,16,simple,small,TRUE
4.5937422,16,order,small,FALSE
4.4654049,16,order,small,TRUE
0.4691963,2,simple,small,FALSE
0.4428606,2,simple,small,TRUE
0.4816159,2,order,small,FALSE
0.4815683,2,order,small,TRUE
0.9600548,4,simple,small,FALSE
0.9246779,4,simple,small,TRUE
0.9656943,4,order,small,FALSE
0.9776648,4,order,small,TRUE
1.8307432,8,simple,small,FALSE
1.8236072,8,simple,small,TRUE
2.3419764,8,order,small,FALSE
2.2792803,8,order,small,TRUE
3.7491976,16,simple,small,FALSE
3.6754966,16,simple,small,TRUE
4.4309795,16,order,small,FALSE
3.9080648,16,order,small,TRUE
0.4250441,2,simple,small,FALSE
0.4337889,2,simple,small,TRUE
0.4768531,2,order,small,FALSE
0.4707332,2,order,small,TRUE
0.8927304,4,simple,small,FALSE
0.8835011,4,simple,small,TRUE
0.9531959,4,order,small,FALSE
0.9373061,4,order,small,TRUE
1.8876027,8,simple,small,FALSE
1.8342843,8,simple,small,TRUE
1.9038519,8,order,small,FALSE
1.8569927,8,order,small,TRUE
3.7510812,16,simple,small,FALSE
3.6345205,16,simple,small,TRUE
3.7058605,16,order,small,FALSE
3.6146032,16,order,small,TRUE
0.4983607,2,simple,small,FALSE
0.4795976,2,simple,small,TRUE
0.5241983,2,order,small,FALSE
0.516166,2,order,small,TRUE
0.9799414,4,simple,small,FALSE
0.9583464,4,simple,small,TRUE
1.0351171,4,order,small,FALSE
1.018319,4,order,small,TRUE
1.9597576,8,simple,small,FALSE
1.9053091,8,simple,small,TRUE
2.09197,8,order,small,FALSE
2.041422,8,order,small,TRUE
3.9022703,16,simple,small,FALSE
3.8444359,16,simple,small,TRUE
4.0336961,16,order,small,FALSE
4.0279803,16,order,small,TRUE
0.9363021,2,simple,mid,FALSE
0.8566024,2,simple,mid,TRUE
1.1069216,2,order,mid,FALSE
1.024844,2,order,mid,TRUE
1.8213081,4,simple,mid,FALSE
1.8131414,4,simple,mid,TRUE
2.0552291,4,order,mid,FALSE
2.0562378,4,order,mid,TRUE
3.6642945,8,simple,mid,FALSE
3.5661822,8,simple,mid,TRUE
7.3200126,8,order,mid,FALSE
6.2192482,8,order,mid,TRUE
7.3622683,16,simple,mid,FALSE
7.0970805,16,simple,mid,TRUE
8.2490086,16,order,mid,FALSE
8.1527917,16,order,mid,TRUE
0.8725266,2,simple,mid,FALSE
0.8643405,2,simple,mid,TRUE
0.9734659,2,order,mid,FALSE
0.9646209,2,order,mid,TRUE
1.8483733,4,simple,mid,FALSE
1.889301,4,simple,mid,TRUE
1.9726304,4,order,mid,FALSE
1.9002744,4,order,mid,TRUE
3.4977197,8,simple,mid,FALSE
3.5297682,8,simple,mid,TRUE
5.8656173,8,order,mid,FALSE
4.8108977,8,order,mid,TRUE
6.9175285,16,simple,mid,FALSE
6.9370716,16,simple,mid,TRUE
14.9292473,16,order,mid,FALSE
11.7364596,16,order,mid,TRUE
0.924664,2,simple,mid,FALSE
0.9213598,2,simple,mid,TRUE
0.906028,2,order,mid,FALSE
0.8810433,2,order,mid,TRUE
1.854812,4,simple,mid,FALSE
1.7958489,4,simple,mid,TRUE
1.8835914,4,order,mid,FALSE
1.8598771,4,order,mid,TRUE
3.5964211,8,simple,mid,FALSE
3.5004795,8,simple,mid,TRUE
3.6457813,8,order,mid,FALSE
3.7055956,8,order,mid,TRUE
6.9403852,16,simple,mid,FALSE
6.7958352,16,simple,mid,TRUE
7.316288,16,order,mid,FALSE
7.3442563,16,order,mid,TRUE
0.9098747,2,simple,mid,FALSE
0.8385158,2,simple,mid,TRUE
1.504857,2,order,mid,FALSE
0.9445576,2,order,mid,TRUE
1.6967086,4,simple,mid,FALSE
1.7007389,4,simple,mid,TRUE
2.5626072,4,order,mid,FALSE
1.8859711,4,order,mid,TRUE
3.553977,8,simple,mid,FALSE
3.6504736,8,simple,mid,TRUE
3.8737454,8,order,mid,FALSE
3.6983099,8,order,mid,TRUE
7.078347,16,simple,mid,FALSE
7.0532274,16,simple,mid,TRUE
9.1045207,16,order,mid,FALSE
9.0594113,16,order,mid,TRUE
0.9145823,2,simple,mid,FALSE
0.8730858,2,simple,mid,TRUE
1.8552936,2,order,mid,FALSE
1.1855828,2,order,mid,TRUE
1.8540711,4,simple,mid,FALSE
1.8153898,4,simple,mid,TRUE
3.2095115,4,order,mid,FALSE
2.3662689,4,order,mid,TRUE
3.4363623,8,simple,mid,FALSE
3.3907495,8,simple,mid,TRUE
4.7061849,8,order,mid,FALSE
4.6335833,8,order,mid,TRUE
7.6747407,16,simple,mid,FALSE
7.4792192,16,simple,mid,TRUE
9.2705843,16,order,mid,FALSE
9.2046975,16,order,mid,TRUE
2.3217609,2,simple,large,FALSE
2.2806725,2,simple,large,TRUE
5.8540167,2,order,large,FALSE
3.8057522,2,order,large,TRUE
5.1952431,4,simple,large,FALSE
5.217366,4,simple,large,TRUE
11.2900421,4,order,large,FALSE
12.2535581,4,order,large,TRUE
10.2012337,8,simple,large,FALSE
10.1866213,8,simple,large,TRUE
15.6333161,8,order,large,FALSE
15.4767194,8,order,large,TRUE
19.1277571,16,simple,large,FALSE
19.2249005,16,simple,large,TRUE
44.4578282,16,order,large,FALSE
43.1756643,16,order,large,TRUE
1.9456703,2,simple,large,FALSE
1.92135,2,simple,large,TRUE
4.2003533,2,order,large,FALSE
4.1728999,2,order,large,TRUE
4.1367162,4,simple,large,FALSE
4.1693581,4,simple,large,TRUE
5.3554789,4,order,large,FALSE
5.3855267,4,order,large,TRUE
8.3792825,8,simple,large,FALSE
8.159576,8,simple,large,TRUE
10.6789259,8,order,large,FALSE
10.6882901,8,order,large,TRUE
16.3407291,16,simple,large,FALSE
16.0118445,16,simple,large,TRUE
35.6129516,16,order,large,FALSE
35.2139497,16,order,large,TRUE
1.9009142,2,simple,large,FALSE
1.7330613,2,simple,large,TRUE
2.9531045,2,order,large,FALSE
2.8036031,2,order,large,TRUE
3.3076372,4,simple,large,FALSE
3.2218064,4,simple,large,TRUE
10.7526748,4,order,large,FALSE
10.5967464,4,order,large,TRUE
6.6424373,8,simple,large,FALSE
6.4105049,8,simple,large,TRUE
11.4479314,8,order,large,FALSE
11.524655,8,order,large,TRUE
15.7472761,16,simple,large,FALSE
15.5527872,16,simple,large,TRUE
43.956221,16,order,large,FALSE
41.1924724,16,order,large,TRUE
1.7392483,2,simple,large,FALSE
1.7202093,2,simple,large,TRUE
2.7985362,2,order,large,FALSE
2.8086809,2,order,large,TRUE
3.7679198,4,simple,large,FALSE
3.7047235,4,simple,large,TRUE
5.5641874,4,order,large,FALSE
5.5827253,4,order,large,TRUE
7.6664537,8,simple,large,FALSE
7.3634982,8,simple,large,TRUE
11.1271605,8,order,large,FALSE
11.0836091,8,order,large,TRUE
14.2090844,16,simple,large,FALSE
14.0642614,16,simple,large,TRUE
36.989173,16,order,large,FALSE
21.7383987,16,order,large,TRUE
0.5300698,2,simple,small,FALSE
0.5179637,2,simple,small,TRUE
0.5539594,2,order,small,FALSE
0.534756,2,order,small,TRUE
1.0196673,4,simple,small,FALSE
1.0012952,4,simple,small,TRUE
1.1295357,4,order,small,FALSE
1.0575597,4,order,small,TRUE
2.0349725,8,simple,small,FALSE
1.9984508,8,simple,small,TRUE
2.2196212,8,order,small,FALSE
2.1835525,8,order,small,TRUE
4.0224549,16,simple,small,FALSE
3.9472345,16,simple,small,TRUE
4.4188532,16,order,small,FALSE
4.4065716,16,order,small,TRUE
0.5088292,2,simple,small,FALSE
0.4828158,2,simple,small,TRUE
0.5578488,2,order,small,FALSE
0.5617715,2,order,small,TRUE
1.0328404,4,simple,small,FALSE
1.0096576,4,simple,small,TRUE
1.1771979,4,order,small,FALSE
1.4977587,4,order,small,TRUE
2.008425,8,simple,small,FALSE
1.9640775,8,simple,small,TRUE
2.7645024,8,order,small,FALSE
2.286493,8,order,small,TRUE
4.0679214,16,simple,small,FALSE
3.9032221,16,simple,small,TRUE
4.5688205,16,order,small,FALSE
4.4852451,16,order,small,TRUE
0.4456378,2,simple,small,FALSE
0.4495034,2,simple,small,TRUE
0.4908778,2,order,small,FALSE
0.4843451,2,order,small,TRUE
0.9659182,4,simple,small,FALSE
0.9033083,4,simple,small,TRUE
1.0011418,4,order,small,FALSE
0.9861753,4,order,small,TRUE
1.8467457,8,simple,small,FALSE
1.8606251,8,simple,small,TRUE
1.969084,8,order,small,FALSE
2.2823441,8,order,small,TRUE
3.778138,16,simple,small,FALSE
3.6932413,16,simple,small,TRUE
4.4348775,16,order,small,FALSE
3.7892773,16,order,small,TRUE
0.4350952,2,simple,small,FALSE
0.4222339,2,simple,small,TRUE
0.4725618,2,order,small,FALSE
0.4643448,2,order,small,TRUE
0.8990262,4,simple,small,FALSE
0.8944543,4,simple,small,TRUE
0.9480111,4,order,small,FALSE
0.9576704,4,order,small,TRUE
1.8364686,8,simple,small,FALSE
1.8335498,8,simple,small,TRUE
1.8884171,8,order,small,FALSE
1.8471098,8,order,small,TRUE
3.7800846,16,simple,small,FALSE
3.6882902,16,simple,small,TRUE
3.6714114,16,order,small,FALSE
3.6107433,16,order,small,TRUE
0.5035873,2,simple,small,FALSE
0.5059972,2,simple,small,TRUE
0.52591,2,order,small,FALSE
0.521221,2,order,small,TRUE
0.986199,4,simple,small,FALSE
0.9703642,4,simple,small,TRUE
1.0342815,4,order,small,FALSE
1.0177633,4,order,small,TRUE
1.9780979,8,simple,small,FALSE
1.9301537,8,simple,small,TRUE
2.537127,8,order,small,FALSE
2.07684,8,order,small,TRUE
3.8913688,16,simple,small,FALSE
3.8791775,16,simple,small,TRUE
4.128283,16,order,small,FALSE
4.0920419,16,order,small,TRUE
0.9145739,2,simple,mid,FALSE
0.8797098,2,simple,mid,TRUE
1.0480298,2,order,mid,FALSE
1.0476708,2,order,mid,TRUE
1.8592398,4,simple,mid,FALSE
1.8206471,4,simple,mid,TRUE
2.0532249,4,order,mid,FALSE
2.0424286,4,order,mid,TRUE
3.6671742,8,simple,mid,FALSE
3.6496243,8,simple,mid,TRUE
5.6237153,8,order,mid,FALSE
4.0731537,8,order,mid,TRUE
7.3462267,16,simple,mid,FALSE
7.2175662,16,simple,mid,TRUE
10.1351251,16,order,mid,FALSE
8.1186229,16,order,mid,TRUE
0.8778292,2,simple,mid,FALSE
0.86218,2,simple,mid,TRUE
0.9615854,2,order,mid,FALSE
0.9377177,2,order,mid,TRUE
1.8571717,4,simple,mid,FALSE
1.837158,4,simple,mid,TRUE
1.9375903,4,order,mid,FALSE
1.9294609,4,order,mid,TRUE
3.5628777,8,simple,mid,FALSE
3.5188453,8,simple,mid,TRUE
5.8569925,8,order,mid,FALSE
4.7553488,8,order,mid,TRUE
7.0195757,16,simple,mid,FALSE
6.8827848,16,simple,mid,TRUE
14.7343769,16,order,mid,FALSE
9.4769617,16,order,mid,TRUE
0.9007909,2,simple,mid,FALSE
0.8940435,2,simple,mid,TRUE
0.9201705,2,order,mid,FALSE
0.8906588,2,order,mid,TRUE
1.8347417,4,simple,mid,FALSE
1.7921208,4,simple,mid,TRUE
1.8832904,4,order,mid,FALSE
1.8778295,4,order,mid,TRUE
3.5707587,8,simple,mid,FALSE
3.5188145,8,simple,mid,TRUE
3.6614323,8,order,mid,FALSE
3.6852035,8,order,mid,TRUE
6.9595955,16,simple,mid,FALSE
6.8538091,16,simple,mid,TRUE
7.3826305,16,order,mid,FALSE
7.3198708,16,order,mid,TRUE
0.8835539,2,simple,mid,FALSE
0.8638307,2,simple,mid,TRUE
0.9777655,2,order,mid,FALSE
0.9405598,2,order,mid,TRUE
1.7152698,4,simple,mid,FALSE
1.6589232,4,simple,mid,TRUE
2.592621,4,order,mid,FALSE
1.8484413,4,order,mid,TRUE
3.4936327,8,simple,mid,FALSE
3.5221483,8,simple,mid,TRUE
3.7787649,8,order,mid,FALSE
3.7699215,8,order,mid,TRUE
7.1714303,16,simple,mid,FALSE
7.0239568,16,simple,mid,TRUE
9.2279056,16,order,mid,FALSE
7.6600358,16,order,mid,TRUE
0.8757298,2,simple,mid,FALSE
0.8600483,2,simple,mid,TRUE
1.8460445,2,order,mid,FALSE
1.1322093,2,order,mid,TRUE
1.8339643,4,simple,mid,FALSE
1.8087193,4,simple,mid,TRUE
2.3502009,4,order,mid,FALSE
2.3647989,4,order,mid,TRUE
3.409359,8,simple,mid,FALSE
3.3705902,8,simple,mid,TRUE
4.6603963,8,order,mid,FALSE
4.6017246,8,order,mid,TRUE
7.6060692,16,simple,mid,FALSE
7.4375265,16,simple,mid,TRUE
14.2906073,16,order,mid,FALSE
9.1446996,16,order,mid,TRUE
2.2678772,2,simple,large,FALSE
2.1783384,2,simple,large,TRUE
6.5144093,2,order,large,FALSE
5.9299033,2,order,large,TRUE
5.2768028,4,simple,large,FALSE
5.205567,4,simple,large,TRUE
11.2945897,4,order,large,FALSE
11.0765066,4,order,large,TRUE
10.0895025,8,simple,large,FALSE
10.1404738,8,simple,large,TRUE
15.7588808,8,order,large,FALSE
15.4068939,8,order,large,TRUE
19.4707331,16,simple,large,FALSE
19.2895527,16,simple,large,TRUE
58.7299423,16,order,large,FALSE
30.4136987,16,order,large,TRUE
2.0116501,2,simple,large,FALSE
1.9435686,2,simple,large,TRUE
4.2470585,2,order,large,FALSE
2.6948011,2,order,large,TRUE
4.2925434,4,simple,large,FALSE
4.0910997,4,simple,large,TRUE
5.3406232,4,order,large,FALSE
5.3563276,4,order,large,TRUE
8.4907137,8,simple,large,FALSE
8.3720774,8,simple,large,TRUE
10.7708021,8,order,large,FALSE
10.6704471,8,order,large,TRUE
16.2421017,16,simple,large,FALSE
16.008409,16,simple,large,TRUE
35.4785178,16,order,large,FALSE
28.0345195,16,order,large,TRUE
1.8436415,2,simple,large,FALSE
1.7843784,2,simple,large,TRUE
2.9525649,2,order,large,FALSE
2.9035731,2,order,large,TRUE
3.3336016,4,simple,large,FALSE
3.1812588,4,simple,large,TRUE
15.6215855,4,order,large,FALSE
12.9622354,4,order,large,TRUE
6.690706,8,simple,large,FALSE
6.4387634,8,simple,large,TRUE
11.6091419,8,order,large,FALSE
11.3304324,8,order,large,TRUE
15.7956188,16,simple,large,FALSE
15.4720569,16,simple,large,TRUE
40.9063554,16,order,large,FALSE
40.6366824,16,order,large,TRUE
1.7312262,2,simple,large,FALSE
1.7788752,2,simple,large,TRUE
2.8643,2,order,large,FALSE
2.7305161,2,order,large,TRUE
4.0740212,4,simple,large,FALSE
3.755699,4,simple,large,TRUE
5.6703833,4,order,large,FALSE
5.5376674,4,order,large,TRUE
7.5408089,8,simple,large,FALSE
7.3729122,8,simple,large,TRUE
11.1346788,8,order,large,FALSE
10.9627618,8,order,large,TRUE
14.0221948,16,simple,large,FALSE
14.1206561,16,simple,large,TRUE
21.9953881,16,order,large,FALSE
21.5956005,16,order,large,TRUE
0.5232518,2,simple,small,FALSE
0.5123212,2,simple,small,TRUE
0.5636823,2,order,small,FALSE
0.5474792,2,order,small,TRUE
1.0354399,4,simple,small,FALSE
1.0049271,4,simple,small,TRUE
1.0882996,4,order,small,FALSE
1.0647266,4,order,small,TRUE
2.0085684,8,simple,small,FALSE
1.9846846,8,simple,small,TRUE
2.1940047,8,order,small,FALSE
2.1999488,8,order,small,TRUE
4.0636117,16,simple,small,FALSE
3.922523,16,simple,small,TRUE
5.1436021,16,order,small,FALSE
4.331584,16,order,small,TRUE
0.5091113,2,simple,small,FALSE
0.464228,2,simple,small,TRUE
0.574676,2,order,small,FALSE
0.5470735,2,order,small,TRUE
1.0554639,4,simple,small,FALSE
1.0329378,4,simple,small,TRUE
1.5418943,4,order,small,FALSE
1.1658871,4,order,small,TRUE
2.073137,8,simple,small,FALSE
1.9734632,8,simple,small,TRUE
2.7876046,8,order,small,FALSE
2.2819335,8,order,small,TRUE
3.979974,16,simple,small,FALSE
3.936736,16,simple,small,TRUE
4.5132826,16,order,small,FALSE
4.4644748,16,order,small,TRUE
0.455145,2,simple,small,FALSE
0.4453072,2,simple,small,TRUE
0.4823732,2,order,small,FALSE
0.4843012,2,order,small,TRUE
0.9482028,4,simple,small,FALSE
0.9213203,4,simple,small,TRUE
0.9863104,4,order,small,FALSE
0.9544598,4,order,small,TRUE
1.850904,8,simple,small,FALSE
1.8280303,8,simple,small,TRUE
1.9457407,8,order,small,FALSE
1.9241635,8,order,small,TRUE
3.7578115,16,simple,small,FALSE
3.7350947,16,simple,small,TRUE
3.8805505,16,order,small,FALSE
3.8101595,16,order,small,TRUE
0.4205238,2,simple,small,FALSE
0.4153226,2,simple,small,TRUE
0.4762092,2,order,small,FALSE
0.4592318,2,order,small,TRUE
0.8901649,4,simple,small,FALSE
0.8903647,4,simple,small,TRUE
0.9546167,4,order,small,FALSE
0.9500857,4,order,small,TRUE
1.8576022,8,simple,small,FALSE
1.8113137,8,simple,small,TRUE
1.9014876,8,order,small,FALSE
1.8846441,8,order,small,TRUE
3.7296917,16,simple,small,FALSE
3.701278,16,simple,small,TRUE
3.7073336,16,order,small,FALSE
3.609009,16,order,small,TRUE
0.5025017,2,simple,small,FALSE
0.4809189,2,simple,small,TRUE
0.5242991,2,order,small,FALSE
0.522052,2,order,small,TRUE
1.0056669,4,simple,small,FALSE
0.9855242,4,simple,small,TRUE
1.0473625,4,order,small,FALSE
1.0019791,4,order,small,TRUE
1.9506331,8,simple,small,FALSE
1.9646804,8,simple,small,TRUE
2.114854,8,order,small,FALSE
2.068646,8,order,small,TRUE
3.9032707,16,simple,small,FALSE
3.8649578,16,simple,small,TRUE
4.0718078,16,order,small,FALSE
4.0295254,16,order,small,TRUE
0.9589527,2,simple,mid,FALSE
0.8999577,2,simple,mid,TRUE
1.0813119,2,order,mid,FALSE
0.9899154,2,order,mid,TRUE
1.8807066,4,simple,mid,FALSE
1.8162768,4,simple,mid,TRUE
2.0886663,4,order,mid,FALSE
2.0364089,4,order,mid,TRUE
3.7298589,8,simple,mid,FALSE
3.6408469,8,simple,mid,TRUE
9.6861838,8,order,mid,FALSE
6.5410944,8,order,mid,TRUE
7.325549,16,simple,mid,FALSE
7.1889992,16,simple,mid,TRUE
8.2558454,16,order,mid,FALSE
11.6663767,16,order,mid,TRUE
0.9091453,2,simple,mid,FALSE
0.875929,2,simple,mid,TRUE
1.0432856,2,order,mid,FALSE
1.0054468,2,order,mid,TRUE
1.9716124,4,simple,mid,FALSE
1.8968786,4,simple,mid,TRUE
1.9608743,4,order,mid,FALSE
1.9797756,4,order,mid,TRUE
3.623866,8,simple,mid,FALSE
3.498541,8,simple,mid,TRUE
5.886452,8,order,mid,FALSE
4.7681265,8,order,mid,TRUE
6.8821544,16,simple,mid,FALSE
6.8334795,16,simple,mid,TRUE
12.8160217,16,order,mid,FALSE
11.1497871,16,order,mid,TRUE
0.8927931,2,simple,mid,FALSE
0.9040242,2,simple,mid,TRUE
0.8936569,2,order,mid,FALSE
0.9037932,2,order,mid,TRUE
1.847804,4,simple,mid,FALSE
1.8191431,4,simple,mid,TRUE
1.8980894,4,order,mid,FALSE
1.8699044,4,order,mid,TRUE
3.6389527,8,simple,mid,FALSE
3.5490492,8,simple,mid,TRUE
3.679698,8,order,mid,FALSE
3.6687494,8,order,mid,TRUE
6.9698132,16,simple,mid,FALSE
6.9050671,16,simple,mid,TRUE
7.3783281,16,order,mid,FALSE
7.2613597,16,order,mid,TRUE
0.9050883,2,simple,mid,FALSE
0.8843915,2,simple,mid,TRUE
0.9581179,2,order,mid,FALSE
0.9624776,2,order,mid,TRUE
1.7038268,4,simple,mid,FALSE
1.7141292,4,simple,mid,TRUE
1.8857163,4,order,mid,FALSE
1.8740611,4,order,mid,TRUE
3.5774505,8,simple,mid,FALSE
3.5289408,8,simple,mid,TRUE
4.7903635,8,order,mid,FALSE
4.7272482,8,order,mid,TRUE
7.061439,16,simple,mid,FALSE
7.0553674,16,simple,mid,TRUE
9.5570526,16,order,mid,FALSE
7.5110928,16,order,mid,TRUE
0.8840795,2,simple,mid,FALSE
0.8415759,2,simple,mid,TRUE
1.8354615,2,order,mid,FALSE
1.1442182,2,order,mid,TRUE
1.8122205,4,simple,mid,FALSE
1.7552314,4,simple,mid,TRUE
2.3008781,4,order,mid,FALSE
2.3293712,4,order,mid,TRUE
3.3970565,8,simple,mid,FALSE
3.2657665,8,simple,mid,TRUE
4.668985,8,order,mid,FALSE
4.5614929,8,order,mid,TRUE
7.5638219,16,simple,mid,FALSE
7.4938706,16,simple,mid,TRUE
11.432115,16,order,mid,FALSE
9.1691333,16,order,mid,TRUE
2.2345429,2,simple,large,FALSE
2.2136699,2,simple,large,TRUE
5.8614227,2,order,large,FALSE
6.4278832,2,order,large,TRUE
5.3412623,4,simple,large,FALSE
5.3587632,4,simple,large,TRUE
11.1488406,4,order,large,FALSE
11.1447566,4,order,large,TRUE
10.2341142,8,simple,large,FALSE
10.2565605,8,simple,large,TRUE
15.7004602,8,order,large,FALSE
15.7695754,8,order,large,TRUE
19.1347112,16,simple,large,FALSE
19.0754175,16,simple,large,TRUE
56.3196118,16,order,large,FALSE
30.6134975,16,order,large,TRUE
1.9106688,2,simple,large,FALSE
1.9553038,2,simple,large,TRUE
4.2555892,2,order,large,FALSE
4.0638044,2,order,large,TRUE
4.0675925,4,simple,large,FALSE
3.9773945,4,simple,large,TRUE
5.4212086,4,order,large,FALSE
5.3800683,4,order,large,TRUE
8.5875115,8,simple,large,FALSE
8.2035609,8,simple,large,TRUE
10.6685544,8,order,large,FALSE
10.5563509,8,order,large,TRUE
16.4557127,16,simple,large,FALSE
16.2420956,16,simple,large,TRUE
35.8346514,16,order,large,FALSE
28.3658794,16,order,large,TRUE
1.8093736,2,simple,large,FALSE
1.8171232,2,simple,large,TRUE
3.1773055,2,order,large,FALSE
2.8796079,2,order,large,TRUE
3.4379441,4,simple,large,FALSE
3.2027138,4,simple,large,TRUE
15.6097405,4,order,large,FALSE
8.1685501,4,order,large,TRUE
6.7345368,8,simple,large,FALSE
6.5960908,8,simple,large,TRUE
11.6237547,8,order,large,FALSE
16.0793569,8,order,large,TRUE
15.8543158,16,simple,large,FALSE
15.7842435,16,simple,large,TRUE
43.2843517,16,order,large,FALSE
41.1238629,16,order,large,TRUE
1.8170207,2,simple,large,FALSE
1.7287267,2,simple,large,TRUE
2.7601302,2,order,large,FALSE
2.7821013,2,order,large,TRUE
3.8903123,4,simple,large,FALSE
3.8906266,4,simple,large,TRUE
5.522559,4,order,large,FALSE
5.5598093,4,order,large,TRUE
7.4717996,8,simple,large,FALSE
7.3969196,8,simple,large,TRUE
11.2111616,8,order,large,FALSE
11.1483833,8,order,large,TRUE
14.2027757,16,simple,large,FALSE
13.8158358,16,simple,large,TRUE
22.2347441,16,order,large,FALSE
21.9427159,16,order,large,TRUE
0.7712788,2,simple,small,FALSE
0.5150666,2,simple,small,TRUE
0.561469,2,order,small,FALSE
0.5454397,2,order,small,TRUE
1.0175259,4,simple,small,FALSE
0.5035573,2,simple,small,FALSE
0.3886595,2,simple,small,TRUE
0.451075,2,order,small,FALSE
0.4267956,2,order,small,TRUE
0.8167971,4,simple,small,FALSE
0.8166522,4,simple,small,TRUE
0.8702574,4,order,small,FALSE
0.8459451,4,order,small,TRUE
1.910088,8,simple,small,FALSE
2.2940786,8,simple,small,TRUE
2.4875602,8,order,small,FALSE
2.553285,8,order,small,TRUE
4.6998711,16,simple,small,FALSE
5.5200474,16,simple,small,TRUE
5.1684802,16,order,small,FALSE
5.2817218,16,order,small,TRUE
0.6344281,2,simple,small,FALSE
0.5983209,2,simple,small,TRUE
0.7564164,2,order,small,FALSE
0.7297738,2,order,small,TRUE
1.247221,4,simple,small,FALSE
1.1037541,4,simple,small,TRUE
0.5055114,2,simple,small,FALSE
0.4152813,2,simple,small,TRUE
0.4670315,2,order,small,FALSE
0.4202583,2,order,small,TRUE
0.8280318,4,simple,small,FALSE
0.8012653,4,simple,small,TRUE
0.8742181,4,order,small,FALSE
0.8621468,4,order,small,TRUE
1.7277557,8,simple,small,FALSE
1.7060482,8,simple,small,TRUE
1.8024691,8,order,small,FALSE
1.7385335,8,order,small,TRUE
3.6529113,16,simple,small,FALSE
3.913407,16,simple,small,TRUE
4.198613,16,order,small,FALSE
4.1105393,16,order,small,TRUE
0.7336076,2,simple,small,FALSE
0.5926332,2,simple,small,TRUE
0.5809251,2,order,small,FALSE
0.5409163,2,order,small,TRUE
1.0321083,4,simple,small,FALSE
0.9323278,4,simple,small,TRUE
0.0030546,2,simple,small,FALSE
6.20E-05,2,simple,small,TRUE
3.69E-05,2,order,small,FALSE
3.48E-05,2,order,small,TRUE
5.69E-05,4,simple,small,FALSE
6.89E-05,4,simple,small,TRUE
5.24E-05,4,order,small,FALSE
4.76E-05,4,order,small,TRUE
4.66E-05,8,simple,small,FALSE
4.69E-05,8,simple,small,TRUE
3.84E-05,8,order,small,FALSE
3.93E-05,8,order,small,TRUE
7.34E-05,16,simple,small,FALSE
7.49E-05,16,simple,small,TRUE
7.86E-05,16,order,small,FALSE
9.11E-05,16,order,small,TRUE
6.53E-05,2,simple,small,FALSE
6.77E-05,2,simple,small,TRUE
0.0001176,2,order,small,FALSE
6.15E-05,2,order,small,TRUE
5.14E-05,4,simple,small,FALSE
5.10E-05,4,simple,small,TRUE
3.37E-05,4,order,small,FALSE
3.69E-05,4,order,small,TRUE
3.56E-05,8,simple,small,FALSE
3.80E-05,8,simple,small,TRUE
8.04E-05,8,order,small,FALSE
7.01E-05,8,order,small,TRUE
7.88E-05,16,simple,small,FALSE
0.000108,16,simple,small,TRUE
7.68E-05,16,order,small,FALSE
8.17E-05,16,order,small,TRUE
7.37E-05,2,simple,small,FALSE
6.05E-05,2,simple,small,TRUE
4.35E-05,2,order,small,FALSE
3.93E-05,2,order,small,TRUE
3.35E-05,4,simple,small,FALSE
3.54E-05,4,simple,small,TRUE
3.19E-05,4,order,small,FALSE
3.56E-05,4,order,small,TRUE
6.84E-05,8,simple,small,FALSE
7.14E-05,8,simple,small,TRUE
0.0001502,8,order,small,FALSE
6.58E-05,8,order,small,TRUE
7.60E-05,16,simple,small,FALSE
7.70E-05,16,simple,small,TRUE
7.72E-05,16,order,small,FALSE
0.0001224,16,order,small,TRUE
6.41E-05,2,simple,small,FALSE
5.21E-05,2,simple,small,TRUE
3.59E-05,2,order,small,FALSE
3.72E-05,2,order,small,TRUE
3.02E-05,4,simple,small,FALSE
3.44E-05,4,simple,small,TRUE
3.39E-05,4,order,small,FALSE
3.98E-05,4,order,small,TRUE
3.54E-05,8,simple,small,FALSE
7.58E-05,8,simple,small,TRUE
6.10E-05,8,order,small,FALSE
8.32E-05,8,order,small,TRUE
7.63E-05,16,simple,small,FALSE
9.77E-05,16,simple,small,TRUE
7.02E-05,16,order,small,FALSE
7.50E-05,16,order,small,TRUE
6.36E-05,2,simple,small,FALSE
5.86E-05,2,simple,small,TRUE
4.37E-05,2,order,small,FALSE
4.50E-05,2,order,small,TRUE
6.58E-05,4,simple,small,FALSE
6.60E-05,4,simple,small,TRUE
7.19E-05,4,order,small,FALSE
7.30E-05,4,order,small,TRUE
7.51E-05,8,simple,small,FALSE
6.82E-05,8,simple,small,TRUE
6.80E-05,8,order,small,FALSE
7.69E-05,8,order,small,TRUE
6.25E-05,16,simple,small,FALSE
7.40E-05,16,simple,small,TRUE
6.06E-05,16,order,small,FALSE
5.54E-05,16,order,small,TRUE
5.96E-05,2,simple,mid,FALSE
4.94E-05,2,simple,mid,TRUE
7.16E-05,2,order,mid,FALSE
7.34E-05,2,order,mid,TRUE
7.00E-05,4,simple,mid,FALSE
7.76E-05,4,simple,mid,TRUE
6.47E-05,4,order,mid,FALSE
5.18E-05,4,order,mid,TRUE
3.89E-05,8,simple,mid,FALSE
6.07E-05,8,simple,mid,TRUE
8.03E-05,8,order,mid,FALSE
7.65E-05,8,order,mid,TRUE
7.49E-05,16,simple,mid,FALSE
8.57E-05,16,simple,mid,TRUE
7.33E-05,16,order,mid,FALSE
6.92E-05,16,order,mid,TRUE
5.88E-05,2,simple,mid,FALSE
4.62E-05,2,simple,mid,TRUE
6.74E-05,2,order,mid,FALSE
7.31E-05,2,order,mid,TRUE
6.92E-05,4,simple,mid,FALSE
9.87E-05,4,simple,mid,TRUE
5.98E-05,4,order,mid,FALSE
5.79E-05,4,order,mid,TRUE
6.21E-05,8,simple,mid,FALSE
5.36E-05,8,simple,mid,TRUE
3.86E-05,8,order,mid,FALSE
7.06E-05,8,order,mid,TRUE
8.07E-05,16,simple,mid,FALSE
8.13E-05,16,simple,mid,TRUE
8.19E-05,16,order,mid,FALSE
7.48E-05,16,order,mid,TRUE
5.73E-05,2,simple,mid,FALSE
4.76E-05,2,simple,mid,TRUE
3.55E-05,2,order,mid,FALSE
7.65E-05,2,order,mid,TRUE
6.83E-05,4,simple,mid,FALSE
9.21E-05,4,simple,mid,TRUE
6.88E-05,4,order,mid,FALSE
0.0002388,4,order,mid,TRUE
6.21E-05,8,simple,mid,FALSE
5.71E-05,8,simple,mid,TRUE
3.95E-05,8,order,mid,FALSE
3.91E-05,8,order,mid,TRUE
7.89E-05,16,simple,mid,FALSE
8.10E-05,16,simple,mid,TRUE
7.79E-05,16,order,mid,FALSE
8.25E-05,16,order,mid,TRUE
6.03E-05,2,simple,mid,FALSE
5.53E-05,2,simple,mid,TRUE
4.15E-05,2,order,mid,FALSE
4.39E-05,2,order,mid,TRUE
7.51E-05,4,simple,mid,FALSE
0.0001083,4,simple,mid,TRUE
6.92E-05,4,order,mid,FALSE
7.68E-05,4,order,mid,TRUE
7.41E-05,8,simple,mid,FALSE
7.10E-05,8,simple,mid,TRUE
5.14E-05,8,order,mid,FALSE
4.77E-05,8,order,mid,TRUE
4.28E-05,16,simple,mid,FALSE
7.51E-05,16,simple,mid,TRUE
8.05E-05,16,order,mid,FALSE
8.18E-05,16,order,mid,TRUE
6.71E-05,2,simple,mid,FALSE
6.02E-05,2,simple,mid,TRUE
8.09E-05,2,order,mid,FALSE
4.87E-05,2,order,mid,TRUE
7.42E-05,4,simple,mid,FALSE
7.58E-05,4,simple,mid,TRUE
7.40E-05,4,order,mid,FALSE
7.65E-05,4,order,mid,TRUE
6.30E-05,8,simple,mid,FALSE
5.05E-05,8,simple,mid,TRUE
3.84E-05,8,order,mid,FALSE
4.46E-05,8,order,mid,TRUE
7.99E-05,16,simple,mid,FALSE
9.73E-05,16,simple,mid,TRUE
7.71E-05,16,order,mid,FALSE
7.61E-05,16,order,mid,TRUE
7.30E-05,2,simple,large,FALSE
7.75E-05,2,simple,large,TRUE
6.36E-05,2,order,large,FALSE
7.50E-05,2,order,large,TRUE
7.40E-05,4,simple,large,FALSE
6.78E-05,4,simple,large,TRUE
7.25E-05,4,order,large,FALSE
7.38E-05,4,order,large,TRUE
6.91E-05,8,simple,large,FALSE
8.32E-05,8,simple,large,TRUE
7.42E-05,8,order,large,FALSE
7.17E-05,8,order,large,TRUE
8.77E-05,16,simple,large,FALSE
8.40E-05,16,simple,large,TRUE
6.85E-05,16,order,large,FALSE
9.04E-05,16,order,large,TRUE
6.97E-05,2,simple,large,FALSE
7.23E-05,2,simple,large,TRUE
7.21E-05,2,order,large,FALSE
8.78E-05,2,order,large,TRUE
6.98E-05,4,simple,large,FALSE
7.56E-05,4,simple,large,TRUE
7.39E-05,4,order,large,FALSE
8.22E-05,4,order,large,TRUE
7.18E-05,8,simple,large,FALSE
6.77E-05,8,simple,large,TRUE
7.43E-05,8,order,large,FALSE
7.78E-05,8,order,large,TRUE
7.64E-05,16,simple,large,FALSE
7.40E-05,16,simple,large,TRUE
8.34E-05,16,order,large,FALSE
9.35E-05,16,order,large,TRUE
5.95E-05,2,simple,large,FALSE
7.81E-05,2,simple,large,TRUE
7.00E-05,2,order,large,FALSE
7.21E-05,2,order,large,TRUE
6.45E-05,4,simple,large,FALSE
8.06E-05,4,simple,large,TRUE
8.05E-05,4,order,large,FALSE
6.79E-05,4,order,large,TRUE
6.55E-05,8,simple,large,FALSE
8.23E-05,8,simple,large,TRUE
6.99E-05,8,order,large,FALSE
8.19E-05,8,order,large,TRUE
7.17E-05,16,simple,large,FALSE
8.90E-05,16,simple,large,TRUE
8.05E-05,16,order,large,FALSE
7.78E-05,16,order,large,TRUE
6.96E-05,2,simple,large,FALSE
7.59E-05,2,simple,large,TRUE
7.04E-05,2,order,large,FALSE
6.04E-05,2,order,large,TRUE
7.42E-05,4,simple,large,FALSE
9.15E-05,4,simple,large,TRUE
6.78E-05,4,order,large,FALSE
6.66E-05,4,order,large,TRUE
7.85E-05,8,simple,large,FALSE
8.06E-05,8,simple,large,TRUE
6.99E-05,8,order,large,FALSE
6.49E-05,8,order,large,TRUE
7.92E-05,16,simple,large,FALSE
0.000102,16,simple,large,TRUE
8.43E-05,16,order,large,FALSE
7.37E-05,16,order,large,TRUE
7.18E-05,2,simple,small,FALSE
9.61E-05,2,simple,small,TRUE
5.85E-05,2,order,small,FALSE
6.65E-05,2,order,small,TRUE
6.83E-05,4,simple,small,FALSE
7.10E-05,4,simple,small,TRUE
6.72E-05,4,order,small,FALSE
6.70E-05,4,order,small,TRUE
5.80E-05,8,simple,small,FALSE
5.21E-05,8,simple,small,TRUE
4.76E-05,8,order,small,FALSE
4.10E-05,8,order,small,TRUE
6.41E-05,16,simple,small,FALSE
5.37E-05,16,simple,small,TRUE
4.14E-05,16,order,small,FALSE
4.26E-05,16,order,small,TRUE
6.77E-05,2,simple,small,FALSE
8.01E-05,2,simple,small,TRUE
7.17E-05,2,order,small,FALSE
7.11E-05,2,order,small,TRUE
6.89E-05,4,simple,small,FALSE
7.45E-05,4,simple,small,TRUE
5.57E-05,4,order,small,FALSE
4.58E-05,4,order,small,TRUE
6.18E-05,8,simple,small,FALSE
0.0001141,8,simple,small,TRUE
6.35E-05,8,order,small,FALSE
5.57E-05,8,order,small,TRUE
6.79E-05,16,simple,small,FALSE
7.28E-05,16,simple,small,TRUE
7.91E-05,16,order,small,FALSE
7.97E-05,16,order,small,TRUE
5.93E-05,2,simple,small,FALSE
7.15E-05,2,simple,small,TRUE
6.69E-05,2,order,small,FALSE
6.25E-05,2,order,small,TRUE
4.79E-05,4,simple,small,FALSE
7.27E-05,4,simple,small,TRUE
4.18E-05,4,order,small,FALSE
4.68E-05,4,order,small,TRUE
4.32E-05,8,simple,small,FALSE
4.07E-05,8,simple,small,TRUE
4.19E-05,8,order,small,FALSE
6.42E-05,8,order,small,TRUE
7.66E-05,16,simple,small,FALSE
7.78E-05,16,simple,small,TRUE
7.30E-05,16,order,small,FALSE
7.59E-05,16,order,small,TRUE
6.66E-05,2,simple,small,FALSE
6.57E-05,2,simple,small,TRUE
6.48E-05,2,order,small,FALSE
7.20E-05,2,order,small,TRUE
6.59E-05,4,simple,small,FALSE
4.49E-05,4,simple,small,TRUE
3.71E-05,4,order,small,FALSE
5.45E-05,4,order,small,TRUE
4.58E-05,8,simple,small,FALSE
4.41E-05,8,simple,small,TRUE
3.52E-05,8,order,small,FALSE
3.84E-05,8,order,small,TRUE
8.72E-05,16,simple,small,FALSE
6.86E-05,16,simple,small,TRUE
7.53E-05,16,order,small,FALSE
7.98E-05,16,order,small,TRUE
6.59E-05,2,simple,small,FALSE
6.66E-05,2,simple,small,TRUE
6.23E-05,2,order,small,FALSE
5.90E-05,2,order,small,TRUE
4.67E-05,4,simple,small,FALSE
3.66E-05,4,simple,small,TRUE
3.19E-05,4,order,small,FALSE
3.55E-05,4,order,small,TRUE
3.82E-05,8,simple,small,FALSE
3.68E-05,8,simple,small,TRUE
3.33E-05,8,order,small,FALSE
7.27E-05,8,order,small,TRUE
6.81E-05,16,simple,small,FALSE
7.52E-05,16,simple,small,TRUE
7.73E-05,16,order,small,FALSE
0.0001126,16,order,small,TRUE
7.51E-05,2,simple,mid,FALSE
6.33E-05,2,simple,mid,TRUE
4.79E-05,2,order,mid,FALSE
3.97E-05,2,order,mid,TRUE
7.31E-05,4,simple,mid,FALSE
7.60E-05,4,simple,mid,TRUE
0.0001052,4,order,mid,FALSE
7.52E-05,4,order,mid,TRUE
6.28E-05,8,simple,mid,FALSE
6.55E-05,8,simple,mid,TRUE
5.29E-05,8,order,mid,FALSE
6.37E-05,8,order,mid,TRUE
8.31E-05,16,simple,mid,FALSE
8.24E-05,16,simple,mid,TRUE
7.93E-05,16,order,mid,FALSE
8.29E-05,16,order,mid,TRUE
5.78E-05,2,simple,mid,FALSE
4.65E-05,2,simple,mid,TRUE
6.35E-05,2,order,mid,FALSE
9.04E-05,2,order,mid,TRUE
7.94E-05,4,simple,mid,FALSE
8.40E-05,4,simple,mid,TRUE
6.83E-05,4,order,mid,FALSE
8.38E-05,4,order,mid,TRUE
7.46E-05,8,simple,mid,FALSE
7.27E-05,8,simple,mid,TRUE
5.15E-05,8,order,mid,FALSE
5.27E-05,8,order,mid,TRUE
7.92E-05,16,simple,mid,FALSE
8.46E-05,16,simple,mid,TRUE
8.06E-05,16,order,mid,FALSE
9.34E-05,16,order,mid,TRUE
6.37E-05,2,simple,mid,FALSE
7.10E-05,2,simple,mid,TRUE
6.65E-05,2,order,mid,FALSE
6.14E-05,2,order,mid,TRUE
4.83E-05,4,simple,mid,FALSE
7.58E-05,4,simple,mid,TRUE
6.99E-05,4,order,mid,FALSE
7.76E-05,4,order,mid,TRUE
7.21E-05,8,simple,mid,FALSE
7.91E-05,8,simple,mid,TRUE
5.57E-05,8,order,mid,FALSE
5.22E-05,8,order,mid,TRUE
5.93E-05,16,simple,mid,FALSE
8.15E-05,16,simple,mid,TRUE
7.45E-05,16,order,mid,FALSE
8.47E-05,16,order,mid,TRUE
6.97E-05,2,simple,mid,FALSE
7.25E-05,2,simple,mid,TRUE
5.55E-05,2,order,mid,FALSE
5.48E-05,2,order,mid,TRUE
3.80E-05,4,simple,mid,FALSE
3.84E-05,4,simple,mid,TRUE
7.17E-05,4,order,mid,FALSE
0.0001075,4,order,mid,TRUE
7.96E-05,8,simple,mid,FALSE
8.61E-05,8,simple,mid,TRUE
7.29E-05,8,order,mid,FALSE
7.63E-05,8,order,mid,TRUE
6.86E-05,16,simple,mid,FALSE
6.68E-05,16,simple,mid,TRUE
0.0001038,16,order,mid,FALSE
8.00E-05,16,order,mid,TRUE
7.30E-05,2,simple,mid,FALSE
7.49E-05,2,simple,mid,TRUE
6.09E-05,2,order,mid,FALSE
6.50E-05,2,order,mid,TRUE
7.04E-05,4,simple,mid,FALSE
7.51E-05,4,simple,mid,TRUE
7.23E-05,4,order,mid,FALSE
7.67E-05,4,order,mid,TRUE
7.47E-05,8,simple,mid,FALSE
7.59E-05,8,simple,mid,TRUE
6.42E-05,8,order,mid,FALSE
8.09E-05,8,order,mid,TRUE
7.97E-05,16,simple,mid,FALSE
7.90E-05,16,simple,mid,TRUE
7.49E-05,16,order,mid,FALSE
6.89E-05,16,order,mid,TRUE
8.03E-05,2,simple,large,FALSE
8.17E-05,2,simple,large,TRUE
9.89E-05,2,order,large,FALSE
7.84E-05,2,order,large,TRUE
7.35E-05,4,simple,large,FALSE
0.0001411,4,simple,large,TRUE
0.0001423,4,order,large,FALSE
0.0001532,4,order,large,TRUE
0.0001469,8,simple,large,FALSE
0.0001033,8,simple,large,TRUE
9.30E-05,8,order,large,FALSE
9.78E-05,8,order,large,TRUE
0.0001043,16,simple,large,FALSE
0.0001128,16,simple,large,TRUE
0.0001053,16,order,large,FALSE
0.0001068,16,order,large,TRUE
8.40E-05,2,simple,large,FALSE
8.53E-05,2,simple,large,TRUE
7.55E-05,2,order,large,FALSE
8.29E-05,2,order,large,TRUE
9.46E-05,4,simple,large,FALSE
9.42E-05,4,simple,large,TRUE
8.05E-05,4,order,large,FALSE
8.57E-05,4,order,large,TRUE
7.62E-05,8,simple,large,FALSE
7.18E-05,8,simple,large,TRUE
8.22E-05,8,order,large,FALSE
8.78E-05,8,order,large,TRUE
7.54E-05,16,simple,large,FALSE
6.97E-05,16,simple,large,TRUE
9.11E-05,16,order,large,FALSE
8.75E-05,16,order,large,TRUE
8.76E-05,2,simple,large,FALSE
9.00E-05,2,simple,large,TRUE
7.57E-05,2,order,large,FALSE
7.60E-05,2,order,large,TRUE
6.56E-05,4,simple,large,FALSE
8.57E-05,4,simple,large,TRUE
7.34E-05,4,order,large,FALSE
7.19E-05,4,order,large,TRUE
9.17E-05,8,simple,large,FALSE
9.49E-05,8,simple,large,TRUE
0.0001078,8,order,large,FALSE
0.0001079,8,order,large,TRUE
8.47E-05,16,simple,large,FALSE
8.07E-05,16,simple,large,TRUE
0.0001048,16,order,large,FALSE
8.86E-05,16,order,large,TRUE
6.58E-05,2,simple,large,FALSE
8.89E-05,2,simple,large,TRUE
7.88E-05,2,order,large,FALSE
7.52E-05,2,order,large,TRUE
7.83E-05,4,simple,large,FALSE
8.91E-05,4,simple,large,TRUE
7.82E-05,4,order,large,FALSE
7.98E-05,4,order,large,TRUE
8.83E-05,8,simple,large,FALSE
8.55E-05,8,simple,large,TRUE
8.29E-05,8,order,large,FALSE
7.03E-05,8,order,large,TRUE
0.0001208,16,simple,large,FALSE
8.75E-05,16,simple,large,TRUE
7.22E-05,16,order,large,FALSE
7.27E-05,16,order,large,TRUE
7.97E-05,2,simple,small,FALSE
7.56E-05,2,simple,small,TRUE
7.52E-05,2,order,small,FALSE
7.65E-05,2,order,small,TRUE
6.88E-05,4,simple,small,FALSE
0.0001117,4,simple,small,TRUE
6.26E-05,4,order,small,FALSE
5.16E-05,4,order,small,TRUE
4.28E-05,8,simple,small,FALSE
4.72E-05,8,simple,small,TRUE
4.47E-05,8,order,small,FALSE
5.38E-05,8,order,small,TRUE
5.56E-05,16,simple,small,FALSE
8.44E-05,16,simple,small,TRUE
8.25E-05,16,order,small,FALSE
8.68E-05,16,order,small,TRUE
7.61E-05,2,simple,small,FALSE
7.14E-05,2,simple,small,TRUE
5.74E-05,2,order,small,FALSE
5.27E-05,2,order,small,TRUE
3.99E-05,4,simple,small,FALSE
4.04E-05,4,simple,small,TRUE
3.91E-05,4,order,small,FALSE
4.21E-05,4,order,small,TRUE
7.80E-05,8,simple,small,FALSE
8.01E-05,8,simple,small,TRUE
7.29E-05,8,order,small,FALSE
7.94E-05,8,order,small,TRUE
7.80E-05,16,simple,small,FALSE
9.47E-05,16,simple,small,TRUE
7.54E-05,16,order,small,FALSE
7.24E-05,16,order,small,TRUE
5.90E-05,2,simple,small,FALSE
4.47E-05,2,simple,small,TRUE
3.60E-05,2,order,small,FALSE
3.73E-05,2,order,small,TRUE
4.78E-05,4,simple,small,FALSE
6.53E-05,4,simple,small,TRUE
8.75E-05,4,order,small,FALSE
9.65E-05,4,order,small,TRUE
7.12E-05,8,simple,small,FALSE
8.34E-05,8,simple,small,TRUE
7.58E-05,8,order,small,FALSE
8.78E-05,8,order,small,TRUE
6.95E-05,16,simple,small,FALSE
7.07E-05,16,simple,small,TRUE
5.46E-05,16,order,small,FALSE
5.09E-05,16,order,small,TRUE
5.99E-05,2,simple,small,FALSE
4.54E-05,2,simple,small,TRUE
6.78E-05,2,order,small,FALSE
7.22E-05,2,order,small,TRUE
5.97E-05,4,simple,small,FALSE
6.91E-05,4,simple,small,TRUE
0.0001301,4,order,small,FALSE
0.000122,4,order,small,TRUE
6.71E-05,8,simple,small,FALSE
6.81E-05,8,simple,small,TRUE
5.82E-05,8,order,small,FALSE
6.28E-05,8,order,small,TRUE
4.72E-05,16,simple,small,FALSE
5.17E-05,16,simple,small,TRUE
6.18E-05,16,order,small,FALSE
5.55E-05,16,order,small,TRUE
7.18E-05,2,simple,small,FALSE
8.35E-05,2,simple,small,TRUE
8.16E-05,2,order,small,FALSE
9.16E-05,2,order,small,TRUE
9.66E-05,4,simple,small,FALSE
8.40E-05,4,simple,small,TRUE
6.84E-05,4,order,small,FALSE
5.43E-05,4,order,small,TRUE
5.61E-05,8,simple,small,FALSE
5.87E-05,8,simple,small,TRUE
5.13E-05,8,order,small,FALSE
8.59E-05,8,order,small,TRUE
8.77E-05,16,simple,small,FALSE
0.0001145,16,simple,small,TRUE
9.02E-05,16,order,small,FALSE
9.16E-05,16,order,small,TRUE
7.99E-05,2,simple,mid,FALSE
6.63E-05,2,simple,mid,TRUE
5.60E-05,2,order,mid,FALSE
8.00E-05,2,order,mid,TRUE
7.56E-05,4,simple,mid,FALSE
8.33E-05,4,simple,mid,TRUE
7.21E-05,4,order,mid,FALSE
7.47E-05,4,order,mid,TRUE
4.87E-05,8,simple,mid,FALSE
5.84E-05,8,simple,mid,TRUE
5.55E-05,8,order,mid,FALSE
8.48E-05,8,order,mid,TRUE
7.85E-05,16,simple,mid,FALSE
8.85E-05,16,simple,mid,TRUE
8.30E-05,16,order,mid,FALSE
7.70E-05,16,order,mid,TRUE
6.12E-05,2,simple,mid,FALSE
4.83E-05,2,simple,mid,TRUE
3.99E-05,2,order,mid,FALSE
7.88E-05,2,order,mid,TRUE
7.53E-05,4,simple,mid,FALSE
7.57E-05,4,simple,mid,TRUE
6.84E-05,4,order,mid,FALSE
5.76E-05,4,order,mid,TRUE
5.11E-05,8,simple,mid,FALSE
5.17E-05,8,simple,mid,TRUE
6.93E-05,8,order,mid,FALSE
8.37E-05,8,order,mid,TRUE
8.25E-05,16,simple,mid,FALSE
9.22E-05,16,simple,mid,TRUE
8.07E-05,16,order,mid,FALSE
7.64E-05,16,order,mid,TRUE
6.39E-05,2,simple,mid,FALSE
5.39E-05,2,simple,mid,TRUE
8.11E-05,2,order,mid,FALSE
8.59E-05,2,order,mid,TRUE
8.62E-05,4,simple,mid,FALSE
7.94E-05,4,simple,mid,TRUE
5.72E-05,4,order,mid,FALSE
4.88E-05,4,order,mid,TRUE
4.76E-05,8,simple,mid,FALSE
9.22E-05,8,simple,mid,TRUE
7.54E-05,8,order,mid,FALSE
8.61E-05,8,order,mid,TRUE
8.24E-05,16,simple,mid,FALSE
8.08E-05,16,simple,mid,TRUE
6.29E-05,16,order,mid,FALSE
5.18E-05,16,order,mid,TRUE
7.30E-05,2,simple,mid,FALSE
9.71E-05,2,simple,mid,TRUE
7.00E-05,2,order,mid,FALSE
7.82E-05,2,order,mid,TRUE
7.08E-05,4,simple,mid,FALSE
7.29E-05,4,simple,mid,TRUE
6.90E-05,4,order,mid,FALSE
5.99E-05,4,order,mid,TRUE
7.85E-05,8,simple,mid,FALSE
8.46E-05,8,simple,mid,TRUE
7.92E-05,8,order,mid,FALSE
8.62E-05,8,order,mid,TRUE
7.18E-05,16,simple,mid,FALSE
6.69E-05,16,simple,mid,TRUE
5.41E-05,16,order,mid,FALSE
5.22E-05,16,order,mid,TRUE
7.85E-05,2,simple,mid,FALSE
8.61E-05,2,simple,mid,TRUE
7.41E-05,2,order,mid,FALSE
8.16E-05,2,order,mid,TRUE
5.82E-05,4,simple,mid,FALSE
6.42E-05,4,simple,mid,TRUE
7.37E-05,4,order,mid,FALSE
8.19E-05,4,order,mid,TRUE
9.21E-05,8,simple,mid,FALSE
9.05E-05,8,simple,mid,TRUE
7.56E-05,8,order,mid,FALSE
6.77E-05,8,order,mid,TRUE
9.63E-05,16,simple,mid,FALSE
9.87E-05,16,simple,mid,TRUE
0.0001229,16,order,mid,FALSE
9.03E-05,16,order,mid,TRUE
7.89E-05,2,simple,large,FALSE
7.74E-05,2,simple,large,TRUE
6.49E-05,2,order,large,FALSE
0.0001354,2,order,large,TRUE
6.95E-05,4,simple,large,FALSE
7.12E-05,4,simple,large,TRUE
7.49E-05,4,order,large,FALSE
7.96E-05,4,order,large,TRUE
7.09E-05,8,simple,large,FALSE
8.14E-05,8,simple,large,TRUE
8.45E-05,8,order,large,FALSE
8.38E-05,8,order,large,TRUE
8.83E-05,16,simple,large,FALSE
8.67E-05,16,simple,large,TRUE
7.81E-05,16,order,large,FALSE
9.11E-05,16,order,large,TRUE
6.95E-05,2,simple,large,FALSE
6.32E-05,2,simple,large,TRUE
9.00E-05,2,order,large,FALSE
8.34E-05,2,order,large,TRUE
7.05E-05,4,simple,large,FALSE
6.36E-05,4,simple,large,TRUE
8.04E-05,4,order,large,FALSE
0.0001156,4,order,large,TRUE
8.69E-05,8,simple,large,FALSE
7.40E-05,8,simple,large,TRUE
9.81E-05,8,order,large,FALSE
8.77E-05,8,order,large,TRUE
7.84E-05,16,simple,large,FALSE
7.66E-05,16,simple,large,TRUE
8.92E-05,16,order,large,FALSE
8.81E-05,16,order,large,TRUE
6.99E-05,2,simple,large,FALSE
9.23E-05,2,simple,large,TRUE
8.19E-05,2,order,large,FALSE
0.0001289,2,order,large,TRUE
7.63E-05,4,simple,large,FALSE
0.0001448,4,simple,large,TRUE
7.17E-05,4,order,large,FALSE
7.55E-05,4,order,large,TRUE
8.07E-05,8,simple,large,FALSE
8.45E-05,8,simple,large,TRUE
8.12E-05,8,order,large,FALSE
8.22E-05,8,order,large,TRUE
0.0001033,16,simple,large,FALSE
9.50E-05,16,simple,large,TRUE
9.17E-05,16,order,large,FALSE
0.0001442,16,order,large,TRUE
7.82E-05,2,simple,large,FALSE
8.07E-05,2,simple,large,TRUE
7.37E-05,2,order,large,FALSE
7.64E-05,2,order,large,TRUE
7.62E-05,4,simple,large,FALSE
8.80E-05,4,simple,large,TRUE
7.44E-05,4,order,large,FALSE
7.50E-05,4,order,large,TRUE
8.59E-05,8,simple,large,FALSE
9.13E-05,8,simple,large,TRUE
8.01E-05,8,order,large,FALSE
8.54E-05,8,order,large,TRUE
8.84E-05,16,simple,large,FALSE
0.0001135,16,simple,large,TRUE
8.29E-05,16,order,large,FALSE
0.0001009,16,order,large,TRUE
8.51E-05,2,simple,small,FALSE
8.03E-05,2,simple,small,TRUE
7.40E-05,2,order,small,FALSE
7.32E-05,2,order,small,TRUE
5.71E-05,4,simple,small,FALSE
7.97E-05,4,simple,small,TRUE
7.94E-05,4,order,small,FALSE
7.55E-05,4,order,small,TRUE
8.01E-05,8,simple,small,FALSE
0.0001128,8,simple,small,TRUE
8.02E-05,8,order,small,FALSE
8.38E-05,8,order,small,TRUE
7.79E-05,16,simple,small,FALSE
0.0001104,16,simple,small,TRUE
0.000106,16,order,small,FALSE
8.81E-05,16,order,small,TRUE
6.68E-05,2,simple,small,FALSE
8.47E-05,2,simple,small,TRUE
6.45E-05,2,order,small,FALSE
7.26E-05,2,order,small,TRUE
6.77E-05,4,simple,small,FALSE
7.80E-05,4,simple,small,TRUE
8.05E-05,4,order,small,FALSE
8.02E-05,4,order,small,TRUE
7.51E-05,8,simple,small,FALSE
8.05E-05,8,simple,small,TRUE
7.71E-05,8,order,small,FALSE
8.22E-05,8,order,small,TRUE
8.11E-05,16,simple,small,FALSE
7.84E-05,16,simple,small,TRUE
6.87E-05,16,order,small,FALSE
7.66E-05,16,order,small,TRUE
6.77E-05,2,simple,small,FALSE
6.61E-05,2,simple,small,TRUE
8.58E-05,2,order,small,FALSE
0.0001053,2,order,small,TRUE
8.24E-05,4,simple,small,FALSE
8.51E-05,4,simple,small,TRUE
7.67E-05,4,order,small,FALSE
8.23E-05,4,order,small,TRUE
7.90E-05,8,simple,small,FALSE
7.75E-05,8,simple,small,TRUE
6.37E-05,8,order,small,FALSE
5.66E-05,8,order,small,TRUE
4.74E-05,16,simple,small,FALSE
7.76E-05,16,simple,small,TRUE
6.46E-05,16,order,small,FALSE
7.93E-05,16,order,small,TRUE
6.96E-05,2,simple,small,FALSE
7.84E-05,2,simple,small,TRUE
4.98E-05,2,order,small,FALSE
4.37E-05,2,order,small,TRUE
3.71E-05,4,simple,small,FALSE
4.26E-05,4,simple,small,TRUE
4.88E-05,4,order,small,FALSE
5.72E-05,4,order,small,TRUE
5.41E-05,8,simple,small,FALSE
4.94E-05,8,simple,small,TRUE
5.98E-05,8,order,small,FALSE
6.29E-05,8,order,small,TRUE
4.96E-05,16,simple,small,FALSE
9.76E-05,16,simple,small,TRUE
9.15E-05,16,order,small,FALSE
9.40E-05,16,order,small,TRUE
8.05E-05,2,simple,small,FALSE
8.66E-05,2,simple,small,TRUE
7.54E-05,2,order,small,FALSE
7.34E-05,2,order,small,TRUE
5.91E-05,4,simple,small,FALSE
6.04E-05,4,simple,small,TRUE
4.64E-05,4,order,small,FALSE
5.28E-05,4,order,small,TRUE
8.18E-05,8,simple,small,FALSE
8.93E-05,8,simple,small,TRUE
7.93E-05,8,order,small,FALSE
8.33E-05,8,order,small,TRUE
8.31E-05,16,simple,small,FALSE
9.57E-05,16,simple,small,TRUE
9.14E-05,16,order,small,FALSE
9.06E-05,16,order,small,TRUE
6.82E-05,2,simple,mid,FALSE
8.51E-05,2,simple,mid,TRUE
7.63E-05,2,order,mid,FALSE
8.05E-05,2,order,mid,TRUE
7.73E-05,4,simple,mid,FALSE
9.44E-05,4,simple,mid,TRUE
7.78E-05,4,order,mid,FALSE
8.71E-05,4,order,mid,TRUE
9.54E-05,8,simple,mid,FALSE
0.000104,8,simple,mid,TRUE
9.58E-05,8,order,mid,FALSE
8.29E-05,8,order,mid,TRUE
7.32E-05,16,simple,mid,FALSE
6.95E-05,16,simple,mid,TRUE
6.31E-05,16,order,mid,FALSE
0.0001178,16,order,mid,TRUE
8.01E-05,2,simple,mid,FALSE
7.32E-05,2,simple,mid,TRUE
6.82E-05,2,order,mid,FALSE
6.27E-05,2,order,mid,TRUE
4.95E-05,4,simple,mid,FALSE
9.21E-05,4,simple,mid,TRUE
7.45E-05,4,order,mid,FALSE
8.76E-05,4,order,mid,TRUE
7.96E-05,8,simple,mid,FALSE
8.06E-05,8,simple,mid,TRUE
7.18E-05,8,order,mid,FALSE
7.73E-05,8,order,mid,TRUE
7.01E-05,16,simple,mid,FALSE
8.53E-05,16,simple,mid,TRUE
8.15E-05,16,order,mid,FALSE
0.0001118,16,order,mid,TRUE
7.37E-05,2,simple,mid,FALSE
7.33E-05,2,simple,mid,TRUE
8.86E-05,2,order,mid,FALSE
0.0001006,2,order,mid,TRUE
8.41E-05,4,simple,mid,FALSE
8.23E-05,4,simple,mid,TRUE
6.95E-05,4,order,mid,FALSE
8.37E-05,4,order,mid,TRUE
7.42E-05,8,simple,mid,FALSE
9.11E-05,8,simple,mid,TRUE
0.0001106,8,order,mid,FALSE
8.86E-05,8,order,mid,TRUE
8.94E-05,16,simple,mid,FALSE
9.74E-05,0.0029673,2,simple,small
6.80E-05,2,simple,small,TRUE
5.48E-05,2,order,small,FALSE
5.36E-05,2,order,small,TRUE
6.91E-05,4,simple,small,FALSE
6.73E-05,4,simple,small,TRUE
5.20E-05,4,order,small,FALSE
5.85E-05,4,order,small,TRUE
5.49E-05,8,simple,small,FALSE
6.64E-05,8,simple,small,TRUE
0.000106,8,order,small,FALSE
8.34E-05,8,order,small,TRUE
8.34E-05,16,simple,small,FALSE
8.58E-05,16,simple,small,TRUE
8.20E-05,16,order,small,FALSE
8.54E-05,16,order,small,TRUE
7.87E-05,2,simple,small,FALSE
7.09E-05,2,simple,small,TRUE
5.50E-05,2,order,small,FALSE
4.63E-05,2,order,small,TRUE
4.01E-05,4,simple,small,FALSE
4.76E-05,4,simple,small,TRUE
7.89E-05,4,order,small,FALSE
8.03E-05,4,order,small,TRUE
7.49E-05,8,simple,small,FALSE
7.85E-05,8,simple,small,TRUE
8.21E-05,8,order,small,FALSE
7.98E-05,8,order,small,TRUE
8.51E-05,16,simple,small,FALSE
7.33E-05,16,simple,small,TRUE
7.41E-05,16,order,small,FALSE
8.00E-05,16,order,small,TRUE
7.16E-05,2,simple,small,FALSE
7.69E-05,2,simple,small,TRUE
7.65E-05,2,order,small,FALSE
7.56E-05,2,order,small,TRUE
7.17E-05,4,simple,small,FALSE
8.20E-05,4,simple,small,TRUE
7.93E-05,4,order,small,FALSE
7.75E-05,4,order,small,TRUE
6.07E-05,8,simple,small,FALSE
5.79E-05,8,simple,small,TRUE
4.78E-05,8,order,small,FALSE
5.80E-05,8,order,small,TRUE
7.91E-05,16,simple,small,FALSE
8.49E-05,16,simple,small,TRUE
8.91E-05,16,order,small,FALSE
8.93E-05,16,order,small,TRUE
7.76E-05,2,simple,small,FALSE
7.79E-05,2,simple,small,TRUE
7.13E-05,2,order,small,FALSE
8.62E-05,2,order,small,TRUE
6.98E-05,4,simple,small,FALSE
7.36E-05,4,simple,small,TRUE
5.69E-05,4,order,small,FALSE
4.66E-05,4,order,small,TRUE
4.45E-05,8,simple,small,FALSE
5.07E-05,8,simple,small,TRUE
4.40E-05,8,order,small,FALSE
4.81E-05,8,order,small,TRUE
8.42E-05,16,simple,small,FALSE
8.95E-05,16,simple,small,TRUE
8.84E-05,16,order,small,FALSE
9.32E-05,16,order,small,TRUE
7.69E-05,2,simple,small,FALSE
7.78E-05,2,simple,small,TRUE
6.96E-05,2,order,small,FALSE
4.98E-05,2,order,small,TRUE
6.73E-05,4,simple,small,FALSE
5.61E-05,4,simple,small,TRUE
3.77E-05,4,order,small,FALSE
7.13E-05,4,order,small,TRUE
0.0001232,8,simple,small,FALSE
0.0001031,8,simple,small,TRUE
7.45E-05,8,order,small,FALSE
8.59E-05,8,order,small,TRUE
8.23E-05,16,simple,small,FALSE
8.71E-05,16,simple,small,TRUE
8.23E-05,16,order,small,FALSE
8.18E-05,16,order,small,TRUE
6.45E-05,2,simple,mid,FALSE
5.09E-05,2,simple,mid,TRUE
7.69E-05,2,order,mid,FALSE
8.54E-05,2,order,mid,TRUE
7.74E-05,4,simple,mid,FALSE
0.0001066,4,simple,mid,TRUE
6.34E-05,4,order,mid,FALSE
6.76E-05,4,order,mid,TRUE
5.51E-05,8,simple,mid,FALSE
8.58E-05,8,simple,mid,TRUE
8.30E-05,8,order,mid,FALSE
8.30E-05,8,order,mid,TRUE
9.15E-05,16,simple,mid,FALSE
8.62E-05,16,simple,mid,TRUE
8.26E-05,16,order,mid,FALSE
0.0001271,16,order,mid,TRUE
7.50E-05,2,simple,mid,FALSE
8.18E-05,2,simple,mid,TRUE
7.02E-05,2,order,mid,FALSE
6.70E-05,2,order,mid,TRUE
5.09E-05,4,simple,mid,FALSE
5.57E-05,4,simple,mid,TRUE
7.52E-05,4,order,mid,FALSE
9.24E-05,4,order,mid,TRUE
8.32E-05,8,simple,mid,FALSE
8.32E-05,8,simple,mid,TRUE
7.49E-05,8,order,mid,FALSE
7.46E-05,8,order,mid,TRUE
7.46E-05,16,simple,mid,FALSE
7.15E-05,16,simple,mid,TRUE
8.32E-05,16,order,mid,FALSE
8.85E-05,16,order,mid,TRUE
7.28E-05,2,simple,mid,FALSE
7.31E-05,2,simple,mid,TRUE
6.21E-05,2,order,mid,FALSE
5.23E-05,2,order,mid,TRUE
4.97E-05,4,simple,mid,FALSE
8.11E-05,4,simple,mid,TRUE
7.86E-05,4,order,mid,FALSE
8.02E-05,4,order,mid,TRUE
7.95E-05,8,simple,mid,FALSE
8.24E-05,8,simple,mid,TRUE
6.80E-05,8,order,mid,FALSE
5.88E-05,8,order,mid,TRUE
9.06E-05,16,simple,mid,FALSE
9.38E-05,16,simple,mid,TRUE
9.60E-05,16,order,mid,FALSE
0.0001029,16,order,mid,TRUE
7.28E-05,2,simple,mid,FALSE
6.43E-05,2,simple,mid,TRUE
5.06E-05,2,order,mid,FALSE
8.79E-05,2,order,mid,TRUE
8.80E-05,4,simple,mid,FALSE
8.72E-05,4,simple,mid,TRUE
7.71E-05,4,order,mid,FALSE
7.17E-05,4,order,mid,TRUE
7.55E-05,8,simple,mid,FALSE
6.23E-05,8,simple,mid,TRUE
7.88E-05,8,order,mid,FALSE
8.72E-05,8,order,mid,TRUE
9.02E-05,16,simple,mid,FALSE
9.25E-05,16,simple,mid,TRUE
8.44E-05,16,order,mid,FALSE
7.05E-05,16,order,mid,TRUE
7.75E-05,2,simple,mid,FALSE
7.72E-05,2,simple,mid,TRUE
7.63E-05,2,order,mid,FALSE
7.78E-05,2,order,mid,TRUE
6.95E-05,4,simple,mid,FALSE
6.35E-05,4,simple,mid,TRUE
4.94E-05,4,order,mid,FALSE
8.10E-05,4,order,mid,TRUE
7.86E-05,8,simple,mid,FALSE
8.61E-05,8,simple,mid,TRUE
7.26E-05,8,order,mid,FALSE
7.06E-05,8,order,mid,TRUE
7.09E-05,16,simple,mid,FALSE
8.50E-05,16,simple,mid,TRUE
8.64E-05,16,order,mid,FALSE
8.61E-05,16,order,mid,TRUE
6.85E-05,2,simple,large,FALSE
8.32E-05,2,simple,large,TRUE
7.22E-05,2,order,large,FALSE
8.22E-05,2,order,large,TRUE
8.70E-05,4,simple,large,FALSE
7.91E-05,4,simple,large,TRUE
6.90E-05,4,order,large,FALSE
9.08E-05,4,order,large,TRUE
8.06E-05,8,simple,large,FALSE
8.17E-05,8,simple,large,TRUE
0.000125,8,order,large,FALSE
8.36E-05,8,order,large,TRUE
7.36E-05,16,simple,large,FALSE
0.0001056,16,simple,large,TRUE
8.49E-05,16,order,large,FALSE
9.14E-05,16,order,large,TRUE
8.26E-05,2,simple,large,FALSE
7.86E-05,2,simple,large,TRUE
7.90E-05,2,order,large,FALSE
8.39E-05,2,order,large,TRUE
7.69E-05,4,simple,large,FALSE
7.21E-05,4,simple,large,TRUE
8.69E-05,4,order,large,FALSE
8.28E-05,4,order,large,TRUE
6.99E-05,8,simple,large,FALSE
8.02E-05,8,simple,large,TRUE
0.000102,8,order,large,FALSE
9.44E-05,8,order,large,TRUE
8.14E-05,16,simple,large,FALSE
8.95E-05,16,simple,large,TRUE
8.61E-05,16,order,large,FALSE
9.58E-05,16,order,large,TRUE
8.51E-05,2,simple,large,FALSE
8.86E-05,2,simple,large,TRUE
7.93E-05,2,order,large,FALSE
0.000145,2,order,large,TRUE
7.59E-05,4,simple,large,FALSE
8.75E-05,4,simple,large,TRUE
8.04E-05,4,order,large,FALSE
0.0001008,4,order,large,TRUE
8.22E-05,8,simple,large,FALSE
8.96E-05,8,simple,large,TRUE
9.05E-05,8,order,large,FALSE
8.35E-05,8,order,large,TRUE
7.78E-05,16,simple,large,FALSE
0.0001001,16,simple,large,TRUE
8.66E-05,16,order,large,FALSE
9.69E-05,16,order,large,TRUE
7.95E-05,2,simple,large,FALSE
7.12E-05,2,simple,large,TRUE
7.87E-05,2,order,large,FALSE
8.37E-05,2,order,la0.0193926,2
0.0003642,2,simple,small,TRUE
3.83E-05,2,order,small,FALSE
4.11E-05,2,order,small,TRUE
3.83E-05,4,simple,small,FALSE
4.14E-05,4,simple,small,TRUE
5.49E-05,4,order,small,FALSE
6.06E-05,4,order,small,TRUE
5.27E-05,8,simple,small,FALSE
4.38E-05,8,simple,small,TRUE
4.39E-05,8,order,small,FALSE
8.46E-05,8,order,small,TRUE
8.32E-05,16,simple,small,FALSE
0.0001116,16,simple,small,TRUE
8.90E-05,16,order,small,FALSE
7.95E-05,16,order,small,TRUE
7.14E-05,2,simple,small,FALSE
6.61E-05,2,simple,small,TRUE
5.61E-05,2,order,small,FALSE
4.87E-05,2,order,small,TRUE
3.54E-05,4,simple,small,FALSE
3.47E-05,4,simple,small,TRUE
3.55E-05,4,order,small,FALSE
4.56E-05,4,order,small,TRUE
4.31E-05,8,simple,small,FALSE
7.72E-05,8,simple,small,TRUE
7.06E-05,8,order,small,FALSE
7.48E-05,8,order,small,TRUE
7.70E-05,16,simple,small,FALSE
8.88E-05,16,simple,small,TRUE
7.88E-05,16,order,small,FALSE
7.38E-05,16,order,small,TRUE
6.13E-05,2,simple,small,FALSE
4.71E-05,2,simple,small,TRUE
3.13E-05,2,order,small,FALSE
3.21E-05,2,order,small,TRUE
2.74E-05,4,simple,small,FALSE
3.09E-05,4,simple,small,TRUE
5.30E-05,4,order,small,FALSE
6.47E-05,4,order,small,TRUE
6.20E-05,8,simple,small,FALSE
7.24E-05,8,simple,small,TRUE
4.75E-05,8,order,small,FALSE
6.69E-05,8,order,small,TRUE
7.20E-05,16,simple,small,FALSE
7.31E-05,16,simple,small,TRUE
6.44E-05,16,order,small,FALSE
6.44E-05,16,order,small,TRUE
6.20E-05,2,simple,small,FALSE
4.29E-05,2,simple,small,TRUE
2.89E-05,2,order,small,FALSE
6.31E-05,2,order,small,TRUE
4.68E-05,4,simple,small,FALSE
3.43E-05,4,simple,small,TRUE
3.01E-05,4,order,small,FALSE
6.58E-05,4,order,small,TRUE
7.34E-05,8,simple,small,FALSE
5.85E-05,8,simple,small,TRUE
5.49E-05,8,order,small,FALSE
6.28E-05,8,order,small,TRUE
6.01E-05,16,simple,small,FALSE
7.25E-05,16,simple,small,TRUE
7.17E-05,16,order,small,FALSE
6.44E-05,16,order,small,TRUE
6.18E-05,2,simple,small,FALSE
5.21E-05,2,simple,small,TRUE
3.97E-05,2,order,small,FALSE
3.55E-05,2,order,small,TRUE
6.11E-05,4,simple,small,FALSE
4.65E-05,4,simple,small,TRUE
3.27E-05,4,order,small,FALSE
5.69E-05,4,order,small,TRUE
5.34E-05,8,simple,small,FALSE
5.81E-05,8,simple,small,TRUE
5.08E-05,8,order,small,FALSE
6.64E-05,8,order,small,TRUE
7.02E-05,16,simple,small,FALSE
7.19E-05,16,simple,small,TRUE
0.0001032,16,order,small,FALSE
6.01E-05,16,order,small,TRUE
5.97E-05,2,simple,mid,FALSE
4.13E-05,2,simple,mid,TRUE
3.45E-05,2,order,mid,FALSE
7.15E-05,2,order,mid,TRUE
6.49E-05,4,simple,mid,FALSE
7.24E-05,4,simple,mid,TRUE
6.66E-05,4,order,mid,FALSE
7.04E-05,4,order,mid,TRUE
5.67E-05,8,simple,mid,FALSE
4.74E-05,8,simple,mid,TRUE
6.76E-05,8,order,mid,FALSE
7.98E-05,8,order,mid,TRUE
0.0001216,16,simple,mid,FALSE
8.43E-05,16,simple,mid,TRUE
8.11E-05,16,order,mid,FALSE
8.73E-05,16,order,mid,TRUE
6.44E-05,2,simple,mid,FALSE
6.32E-05,2,simple,mid,TRUE
5.19E-05,2,order,mid,FALSE
7.64E-05,2,order,mid,TRUE
7.20E-05,4,simple,mid,FALSE
7.94E-05,4,simple,mid,TRUE
7.01E-05,4,order,mid,FALSE
7.56E-05,4,order,mid,TRUE
7.33E-05,8,simple,mid,FALSE
7.63E-05,8,simple,mid,TRUE
6.59E-05,8,order,mid,FALSE
0.000153,8,order,mid,TRUE
7.59E-05,16,simple,mid,FALSE
8.70E-05,16,simple,mid,TRUE
7.90E-05,16,order,mid,FALSE
7.90E-05,16,ord0.0052058,2,simple
5.39E-05,2,simple,small,TRUE
3.25E-05,2,order,small,FALSE
3.36E-05,2,order,small,TRUE
2.86E-05,4,simple,small,FALSE
7.52E-05,4,simple,small,TRUE
5.26E-05,4,order,small,FALSE
4.39E-05,4,order,small,TRUE
4.64E-05,8,simple,small,FALSE
5.19E-05,8,simple,small,TRUE
5.77E-05,8,order,small,FALSE
8.01E-05,8,order,small,TRUE
5.60E-05,16,simple,small,FALSE
7.68E-05,16,simple,small,TRUE
6.28E-05,16,order,small,FALSE
7.13E-05,16,order,small,TRUE
7.65E-05,2,simple,small,FALSE
7.12E-05,2,simple,small,TRUE
6.47E-05,2,order,small,FALSE
6.13E-05,2,order,small,TRUE
8.74E-05,4,simple,small,FALSE
5.89E-05,4,simple,small,TRUE
3.62E-05,4,order,small,FALSE
3.26E-05,4,order,small,TRUE
3.46E-05,8,simple,small,FALSE
3.58E-05,8,simple,small,TRUE
3.19E-05,8,order,small,FALSE
6.45E-05,8,order,small,TRUE
5.51E-05,16,simple,small,FALSE
7.87E-05,16,simple,small,TRUE
5.69E-05,16,order,small,FALSE
9.06E-05,16,order,small,TRUE
8.70E-05,2,simple,small,FALSE
4.35E-05,2,simple,small,TRUE
3.56E-05,2,order,small,FALSE
3.69E-05,2,order,small,TRUE
3.79E-05,4,simple,small,FALSE
4.97E-05,4,simple,small,TRUE
5.88E-05,4,order,small,FALSE
6.39E-05,4,order,small,TRUE
5.03E-05,8,simple,small,FALSE
5.34E-05,8,simple,small,TRUE
6.37E-05,8,order,small,FALSE
7.05E-05,8,order,small,TRUE
7.82E-05,16,simple,small,FALSE
7.71E-05,16,simple,small,TRUE
8.35E-05,16,order,small,FALSE
7.43E-05,16,order,small,TRUE
6.51E-05,2,simple,small,FALSE
5.56E-05,2,simple,small,TRUE
5.65E-05,2,order,small,FALSE
5.13E-05,2,order,small,TRUE
4.53E-05,4,simple,small,FALSE
4.69E-05,4,simple,small,TRUE
7.77E-05,4,order,small,FALSE
6.72E-05,4,order,small,TRUE
5.41E-05,8,simple,small,FALSE
5.29E-05,8,simple,small,TRUE
6.22E-05,8,order,small,FALSE
6.61E-05,8,order,small,TRUE
6.19E-05,16,simple,small,FALSE
8.44E-05,16,simple,small,TRUE
6.84E-05,16,order,small,FALSE
7.51E-05,16,order,small,TRUE
6.91E-05,2,simple,small,FALSE
6.96E-05,2,simple,small,TRUE
5.22E-05,2,order,small,FALSE
5.89E-05,2,order,small,TRUE
6.35E-05,4,simple,small,FALSE
5.45E-05,4,simple,small,TRUE
3.37E-05,4,order,small,FALSE
3.14E-05,4,order,small,TRUE
3.04E-05,8,simple,small,FALSE
5.02E-05,8,simple,small,TRUE
5.94E-05,8,order,small,FALSE
6.26E-05,8,order,small,TRUE
6.13E-05,16,simple,small,FALSE
5.14E-05,16,simple,small,TRUE
5.91E-05,16,order,small,FALSE
7.98E-05,16,order,small,TRUE
5.97E-05,2,simple,mid,FALSE
6.53E-05,2,simple,mid,TRUE
6.91E-05,2,order,mid,FALSE
8.17E-05,2,order,mid,TRUE
7.83E-05,4,simple,mid,FALSE
8.55E-05,4,simple,mid,TRUE
6.84E-05,4,order,mid,FALSE
7.73E-05,4,order,mid,TRUE
7.13E-05,8,simple,mid,FALSE
7.11E-05,8,simple,mid,TRUE
7.33E-05,8,order,mid,FALSE
7.52E-05,8,order,mid,TRUE
8.58E-05,16,simple,mid,FALSE
8.66E-05,16,simple,mid,TRUE
8.76E-05,16,order,mid,FALSE
8.01E-05,16,order,mid,TRUE
6.55E-05,2,simple,mid,FALSE
5.81E-05,2,simple,mid,TRUE
4.55E-05,2,order,mid,FALSE
7.49E-05,2,order,mid,TRUE
6.27E-05,4,simple,mid,FALSE
7.22E-05,4,simple,mid,TRUE
6.95E-05,4,order,mid,FALSE
7.48E-05,4,order,mid,TRUE
9.20E-05,8,simple,mid,FALSE
7.63E-05,8,simple,mid,TRUE
6.63E-05,8,order,mid,FALSE
6.04E-05,8,order,mid,TRUE
7.23E-05,16,simple,mid,FALSE
7.85E-05,16,simple,mid,TRUE
7.47E-05,16,order,mid,FALSE
8.25E-05,16,order,mid,TRUE
6.290000000.018841,2,simple,small,FALSE
0.0003168,2,simple,small,TRUE
6.51E-05,2,order,small,FALSE
7.66E-05,2,order,small,TRUE
6.58E-05,4,simple,small,FALSE
7.52E-05,4,simple,small,TRUE
8.23E-05,4,order,small,FALSE
8.72E-05,4,order,small,TRUE
6.48E-05,8,simple,small,FALSE
8.21E-05,8,simple,small,TRUE
8.72E-05,8,order,small,FALSE
8.13E-05,8,order,small,TRUE
7.69E-05,16,simple,small,FALSE
8.03E-05,16,simple,small,TRUE
7.59E-05,16,order,small,FALSE
7.98E-05,16,order,small,TRUE
9.50E-05,2,simple,small,FALSE
7.25E-05,2,simple,small,TRUE
5.21E-05,2,order,small,FALSE
5.00E-05,2,order,small,TRUE
4.44E-05,4,simple,small,FALSE
5.88E-05,4,simple,small,TRUE
7.75E-05,4,order,small,FALSE
7.39E-05,4,order,small,TRUE
6.91E-05,8,simple,small,FALSE
8.12E-05,8,simple,small,TRUE
7.12E-05,8,order,small,FALSE
8.35E-05,8,order,small,TRUE
0.0001127,16,simple,small,FALSE
0.000103,16,simple,small,TRUE
7.94E-05,16,order,small,FALSE
8.81E-05,16,order,small,TRUE
6.03E-05,2,simple,small,FALSE
6.99E-05,2,simple,small,TRUE
6.56E-05,2,order,small,FALSE
7.52E-05,2,order,small,TRUE
7.66E-05,4,simple,small,FALSE
7.62E-05,4,simple,small,TRUE
7.71E-05,4,order,small,FALSE
7.56E-05,4,order,small,TRUE
7.51E-05,8,simple,small,FALSE
7.79E-05,8,simple,small,TRUE
6.58E-05,8,order,small,FALSE
7.71E-05,8,order,small,TRUE
8.55E-05,16,simple,small,FALSE
8.72E-05,16,simple,small,TRUE
8.62E-05,16,order,small,FALSE
9.77E-05,16,order,small,TRUE
8.43E-05,2,simple,small,FALSE
9.02E-05,2,simple,small,TRUE
8.67E-05,2,order,small,FALSE
9.57E-05,2,order,small,TRUE
9.25E-05,4,simple,small,FALSE
8.44E-05,4,simple,small,TRUE
6.26E-05,4,order,small,FALSE
6.87E-05,4,order,small,TRUE
7.49E-05,8,simple,small,FALSE
9.92E-05,8,simple,small,TRUE
9.63E-05,8,order,small,FALSE
9.97E-05,8,order,small,TRUE
0.0001222,16,simple,small,FALSE
0.0001075,16,simple,small,TRUE
0.0001002,16,order,small,FALSE
0.0001074,16,order,small,TRUE
8.65E-05,2,simple,small,FALSE
9.30E-05,2,simple,small,TRUE
8.24E-05,2,order,small,FALSE
9.45E-05,2,order,small,TRUE
8.98E-05,4,simple,small,FALSE
9.63E-05,4,simple,small,TRUE
8.40E-05,4,order,small,FALSE
8.88E-05,4,order,small,TRUE
0.0001016,8,simple,small,FALSE
8.97E-05,8,simple,small,TRUE
8.87E-05,8,order,small,FALSE
0.0001032,8,order,small,TRUE
0.0001081,16,simple,small,FALSE
0.000108,16,simple,small,TRUE
0.0001067,16,order,small,FALSE
0.0001121,16,order,small,TRUE
0.0002346,2,simple,mid,FALSE
0.0001053,2,simple,mid,TRUE
9.02E-05,2,order,mid,FALSE
0.0001077,2,order,mid,TRUE
0.0001023,4,simple,mid,FALSE
0.0001046,4,simple,mid,TRUE
9.29E-05,4,order,mid,FALSE
0.0001011,4,order,mid,TRUE
0.0001034,8,simple,mid,FALSE
0.0001084,8,simple,mid,TRUE
0.0001001,8,order,mid,FALSE
9.93E-05,8,order,mid,TRUE
9.62E-05,16,simple,mid,FALSE
0.0001108,16,simple,mid,TRUE
0.0001136,16,order,mid,FALSE
0.000121,16,order,mid,TRUE
9.37E-05,2,simple,mid,FALSE
0.0001073,2,simple,mid,TRUE
9.94E-05,2,order,mid,FALSE
0.0001044,2,order,mid,TRUE
0.0001012,4,simple,mid,FALSE
9.58E-05,4,simple,mid,TRUE
9.68E-05,4,order,mid,FALSE
0.0001079,4,order,mid,TRUE
0.0001039,8,simple,mid,FALSE
0.0001148,8,simple,mid,TRUE
0.0001063,8,order,mid,FALSE
0.0001135,8,order,mid,TRUE
0.000146,16,simple,mid,FALSE
0.0001203,16,simple,mid,TRUE
0.0001563,16,order,mid,FALSE
0.0001253,16,order,mid,TRUE
0.0001159,2,simple,mid,FALSE
0.0001238,2,simple,mid,TRUE

